id,player_first_name,player_last_name,player_region_id,player_region_name,player_region_short_iso,summary_overall_points,summary_overall_rank,summary_event_points,summary_event_rank,joined_seconds,current_event,total_transfers,total_loans,total_loans_active,transfers_or_loans,deleted,email,joined_time,name,bank,value,event_transfers,event_transfers_cost,extra_free_transfers,started_event,player,manager,id.1,movement,points,total_points,rank,rank_sort,overall_rank,targets,event_transfers.1,event_transfers_cost.1,value.1,points_on_bench,bank.1,entry,event,league_rank,gw_date
378067,Tom,Constant,241,England,EN,2165,215085,61,1507019,79758,38,33,0,0,transfers,FALSE,TRUE,2017-07-14T11:51:44Z,Constorm FC,8,1011,0,0,0,1,14898329,Tom Constant,378067,new,70,70,877855,886585,877855,NA,0,0,1000,5,0,378067,1,2,2017-08-11
378067,Tom,Constant,241,England,EN,2165,215085,61,1507019,79758,38,33,0,0,transfers,FALSE,TRUE,2017-07-14T11:51:44Z,Constorm FC,8,1011,0,0,0,1,14898329,Tom Constant,4310167,down,33,103,3684966,3689358,1836527,NA,1,0,1001,2,5,378067,2,4,2017-08-19
378067,Tom,Constant,241,England,EN,2165,215085,61,1507019,79758,38,33,0,0,transfers,FALSE,TRUE,2017-07-14T11:51:44Z,Constorm FC,8,1011,0,0,0,1,14898329,Tom Constant,8832082,up,49,152,1365469,1369338,1477964,NA,1,0,1003,2,24,378067,3,4,2017-08-26
378067,Tom,Constant,241,England,EN,2165,215085,61,1507019,79758,38,33,0,0,transfers,FALSE,TRUE,2017-07-14T11:51:44Z,Constorm FC,8,1011,0,0,0,1,14898329,Tom Constant,13550602,up,48,200,1901715,1905625,1303544,NA,1,0,1003,3,19,378067,4,2,2017-09-09
378067,Tom,Constant,241,England,EN,2165,215085,61,1507019,79758,38,33,0,0,transfers,FALSE,TRUE,2017-07-14T11:51:44Z,Constorm FC,8,1011,0,0,0,1,14898329,Tom Constant,18465727,up,65,265,1607870,1610832,1104536,NA,1,0,1000,1,18,378067,5,2,2017-09-15
378067,Tom,Constant,241,England,EN,2165,215085,61,1507019,79758,38,33,0,0,transfers,FALSE,TRUE,2017-07-14T11:51:44Z,Constorm FC,8,1011,0,0,0,1,14898329,Tom Constant,23511922,up,73,338,959907,962772,737890,NA,1,0,1004,4,1,378067,6,1,2017-09-23
378067,Tom,Constant,241,England,EN,2165,215085,61,1507019,79758,38,33,0,0,transfers,FALSE,TRUE,2017-07-14T11:51:44Z,Constorm FC,8,1011,0,0,0,1,14898329,Tom Constant,28623652,up,61,399,1127544,1130564,539416,NA,0,0,1007,8,1,378067,7,2,2017-09-30
378067,Tom,Constant,241,England,EN,2165,215085,61,1507019,79758,38,33,0,0,transfers,FALSE,TRUE,2017-07-14T11:51:44Z,Constorm FC,8,1011,0,0,0,1,14898329,Tom Constant,33800917,down,36,435,3392137,3397183,765539,NA,0,0,1009,5,1,378067,8,4,2017-10-14
378067,Tom,Constant,241,England,EN,2165,215085,61,1507019,79758,38,33,0,0,transfers,FALSE,TRUE,2017-07-14T11:51:44Z,Constorm FC,8,1011,0,0,0,1,14898329,Tom Constant,39043717,up,89,524,18158,18311,150970,NA,0,0,1010,3,1,378067,9,2,2017-10-20
378067,Tom,Constant,241,England,EN,2165,215085,61,1507019,79758,38,33,0,0,transfers,FALSE,TRUE,2017-07-14T11:51:44Z,Constorm FC,8,1011,0,0,0,1,14898329,Tom Constant,44352052,down,38,562,4117368,4119999,260507,NA,2,0,1009,2,1,378067,10,2,2017-10-28
378067,Tom,Constant,241,England,EN,2165,215085,61,1507019,79758,38,33,0,0,transfers,FALSE,TRUE,2017-07-14T11:51:44Z,Constorm FC,8,1011,0,0,0,1,14898329,Tom Constant,49660387,down,32,594,4522524,4526116,485202,NA,0,0,1009,3,1,378067,11,3,2017-11-04
378067,Tom,Constant,241,England,EN,2165,215085,61,1507019,79758,38,33,0,0,transfers,FALSE,TRUE,2017-07-14T11:51:44Z,Constorm FC,8,1011,0,0,0,1,14898329,Tom Constant,55034257,up,62,656,1842332,1844871,478342,NA,2,0,1007,16,0,378067,12,2,2017-11-18
378067,Tom,Constant,241,England,EN,2165,215085,61,1507019,79758,38,33,0,0,transfers,FALSE,TRUE,2017-07-14T11:51:44Z,Constorm FC,8,1011,0,0,0,1,14898329,Tom Constant,60408127,down,43,699,2586516,2592569,537868,NA,0,0,1005,13,0,378067,13,2,2017-11-24
378067,Tom,Constant,241,England,EN,2165,215085,61,1507019,79758,38,33,0,0,transfers,FALSE,TRUE,2017-07-14T11:51:44Z,Constorm FC,8,1011,0,0,0,1,14898329,Tom Constant,65847532,up,51,750,1933000,1938194,508738,NA,0,0,1010,6,0,378067,14,4,2017-11-28
378067,Tom,Constant,241,England,EN,2165,215085,61,1507019,79758,38,33,0,0,transfers,FALSE,TRUE,2017-07-14T11:51:44Z,Constorm FC,8,1011,0,0,0,1,14898329,Tom Constant,71286937,up,67,817,263801,264624,273189,NA,2,0,1012,4,8,378067,15,1,2017-12-02
378067,Tom,Constant,241,England,EN,2165,215085,61,1507019,79758,38,33,0,0,transfers,FALSE,TRUE,2017-07-14T11:51:44Z,Constorm FC,8,1011,0,0,0,1,14898329,Tom Constant,76791877,up,58,875,851744,854591,210527,NA,1,0,1018,11,3,378067,16,1,2017-12-09
378067,Tom,Constant,241,England,EN,2165,215085,61,1507019,79758,38,33,0,0,transfers,FALSE,TRUE,2017-07-14T11:51:44Z,Constorm FC,8,1011,0,0,0,1,14898329,Tom Constant,82296817,down,36,911,4691238,4693378,322103,NA,1,0,1020,4,1,378067,17,2,2017-12-12
378067,Tom,Constant,241,England,EN,2165,215085,61,1507019,79758,38,33,0,0,transfers,FALSE,TRUE,2017-07-14T11:51:44Z,Constorm FC,8,1011,0,0,0,1,14898329,Tom Constant,87801757,down,52,963,2693776,2698687,384090,NA,0,0,1019,5,1,378067,18,3,2017-12-16
378067,Tom,Constant,241,England,EN,2165,215085,61,1507019,79758,38,33,0,0,transfers,FALSE,TRUE,2017-07-14T11:51:44Z,Constorm FC,8,1011,0,0,0,1,14898329,Tom Constant,93372232,down,62,1025,2563935,2566855,462668,NA,0,0,1019,3,1,378067,19,4,2017-12-22
378067,Tom,Constant,241,England,EN,2165,215085,61,1507019,79758,38,33,0,0,transfers,FALSE,TRUE,2017-07-14T11:51:44Z,Constorm FC,8,1011,0,0,0,1,14898329,Tom Constant,98942707,up,88,1109,524422,524823,364811,NA,3,4,1017,2,1,378067,20,4,2017-12-26
378067,Tom,Constant,241,England,EN,2165,215085,61,1507019,79758,38,33,0,0,transfers,FALSE,TRUE,2017-07-14T11:51:44Z,Constorm FC,8,1011,0,0,0,1,14898329,Tom Constant,104578717,up,60,1169,923184,925640,310092,NA,1,0,1022,9,4,378067,21,3,2017-12-30
378067,Tom,Constant,241,England,EN,2165,215085,61,1507019,79758,38,33,0,0,transfers,FALSE,TRUE,2017-07-14T11:51:44Z,Constorm FC,8,1011,0,0,0,1,14898329,Tom Constant,110214727,down,41,1210,3568889,3570322,372490,NA,1,0,1020,4,1,378067,22,3,2018-01-01
378067,Tom,Constant,241,England,EN,2165,215085,61,1507019,79758,38,33,0,0,transfers,FALSE,TRUE,2017-07-14T11:51:44Z,Constorm FC,8,1011,0,0,0,1,14898329,Tom Constant,115850737,up,70,1280,1271534,1274061,353449,NA,1,0,1024,3,2,378067,23,3,2018-01-13
378067,Tom,Constant,241,England,EN,2165,215085,61,1507019,79758,38,33,0,0,transfers,FALSE,TRUE,2017-07-14T11:51:44Z,Constorm FC,8,1011,0,0,0,1,14898329,Tom Constant,121552282,up,56,1336,1647975,1652139,339439,NA,0,0,1024,4,2,378067,24,3,2018-01-20
378067,Tom,Constant,241,England,EN,2165,215085,61,1507019,79758,38,33,0,0,transfers,FALSE,TRUE,2017-07-14T11:51:44Z,Constorm FC,8,1011,0,0,0,1,14898329,Tom Constant,127253827,down,53,1389,1793782,1799164,339991,NA,0,0,1025,12,2,378067,25,3,2018-01-30
378067,Tom,Constant,241,England,EN,2165,215085,61,1507019,79758,38,33,0,0,transfers,FALSE,TRUE,2017-07-14T11:51:44Z,Constorm FC,8,1011,0,0,0,1,14898329,Tom Constant,133020907,up,60,1449,662381,663499,268367,NA,2,0,1024,13,0,378067,26,3,2018-02-03
378067,Tom,Constant,241,England,EN,2165,215085,61,1507019,79758,38,33,0,0,transfers,FALSE,TRUE,2017-07-14T11:51:44Z,Constorm FC,8,1011,0,0,0,1,14898329,Tom Constant,138787987,up,86,1535,730993,733137,229514,NA,0,0,1027,7,0,378067,27,3,2018-02-10
378067,Tom,Constant,241,England,EN,2165,215085,61,1507019,79758,38,33,0,0,transfers,FALSE,TRUE,2017-07-14T11:51:44Z,Constorm FC,8,1011,0,0,0,1,14898329,Tom Constant,144620602,up,56,1591,1687742,1691313,220864,NA,2,0,1028,11,1,378067,28,3,2018-02-24
378067,Tom,Constant,241,England,EN,2165,215085,61,1507019,79758,38,33,0,0,transfers,FALSE,TRUE,2017-07-14T11:51:44Z,Constorm FC,8,1011,0,0,0,1,14898329,Tom Constant,150453217,up,60,1651,494321,497297,187157,NA,0,0,1029,5,1,378067,29,2,2018-03-03
378067,Tom,Constant,241,England,EN,2165,215085,61,1507019,79758,38,33,0,0,transfers,FALSE,TRUE,2017-07-14T11:51:44Z,Constorm FC,8,1011,0,0,0,1,14898329,Tom Constant,156285832,up,47,1698,1699337,1702045,164876,NA,1,0,1028,10,0,378067,30,2,2018-03-10
378067,Tom,Constant,241,England,EN,2165,215085,61,1507019,79758,38,33,0,0,transfers,FALSE,TRUE,2017-07-14T11:51:44Z,Constorm FC,8,1011,0,0,0,1,14898329,Tom Constant,162118447,up,92,1790,495489,497368,136860,NA,0,0,1028,12,0,378067,31,2,2018-03-17
378067,Tom,Constant,241,England,EN,2165,215085,61,1507019,79758,38,33,0,0,transfers,FALSE,TRUE,2017-07-14T11:51:44Z,Constorm FC,8,1011,0,0,0,1,14898329,Tom Constant,168016597,down,46,1836,3180275,3186514,165514,NA,0,0,1026,6,10,378067,32,3,2018-03-31
378067,Tom,Constant,241,England,EN,2165,215085,61,1507019,79758,38,33,0,0,transfers,FALSE,TRUE,2017-07-14T11:51:44Z,Constorm FC,8,1011,0,0,0,1,14898329,Tom Constant,173914747,down,31,1867,3204626,3207423,176641,NA,1,0,1025,4,27,378067,33,3,2018-04-07
378067,Tom,Constant,241,England,EN,2165,215085,61,1507019,79758,38,33,0,0,transfers,FALSE,TRUE,2017-07-14T11:51:44Z,Constorm FC,8,1011,0,0,0,1,14898329,Tom Constant,179812897,up,92,1951,250309,251029,159387,NA,3,8,1022,0,4,378067,34,2,2018-04-14
378067,Tom,Constant,241,England,EN,2165,215085,61,1507019,79758,38,33,0,0,transfers,FALSE,TRUE,2017-07-14T11:51:44Z,Constorm FC,8,1011,0,0,0,1,14898329,Tom Constant,185711047,down,36,1987,1935319,1936851,175123,NA,1,0,1024,0,20,378067,35,2,2018-04-21
378067,Tom,Constant,241,England,EN,2165,215085,61,1507019,79758,38,33,0,0,transfers,FALSE,TRUE,2017-07-14T11:51:44Z,Constorm FC,8,1011,0,0,0,1,14898329,Tom Constant,191609197,down,46,2033,2420609,2429081,187580,NA,0,0,1027,8,20,378067,36,2,2018-04-28
378067,Tom,Constant,241,England,EN,2165,215085,61,1507019,79758,38,33,0,0,transfers,FALSE,TRUE,2017-07-14T11:51:44Z,Constorm FC,8,1011,0,0,0,1,14898329,Tom Constant,197507347,up,75,2108,1707751,1709328,187040,NA,2,0,1019,10,2,378067,37,2,2018-05-04
378067,Tom,Constant,241,England,EN,2165,215085,61,1507019,79758,38,33,0,0,transfers,FALSE,TRUE,2017-07-14T11:51:44Z,Constorm FC,8,1011,0,0,0,1,14898329,Tom Constant,203471032,down,61,2165,1507019,1508585,215085,NA,2,4,1019,7,8,378067,38,3,2018-05-13
2938617,Gareth,Ward,244,Wales,WA,2014,1063465,75,485456,2763,38,25,0,0,transfers,FALSE,FALSE,2017-08-10T09:14:59Z,Ward's Bar Stewards,14,981,0,0,0,1,17372679,Gareth Ward,2938617,new,51,51,2594946,2660038,2594946,NA,0,0,1000,18,0,2938617,1,5,2017-08-11
2938617,Gareth,Ward,244,Wales,WA,2014,1063465,75,485456,2763,38,25,0,0,transfers,FALSE,FALSE,2017-08-10T09:14:59Z,Ward's Bar Stewards,14,981,0,0,0,1,17372679,Gareth Ward,6870717,up,40,91,2746451,2783625,2584466,NA,0,0,999,10,0,2938617,2,5,2017-08-19
2938617,Gareth,Ward,244,Wales,WA,2014,1063465,75,485456,2763,38,25,0,0,transfers,FALSE,FALSE,2017-08-10T09:14:59Z,Ward's Bar Stewards,14,981,0,0,0,1,17372679,Gareth Ward,11392632,down,39,130,2863494,2909771,2694269,NA,0,0,999,12,0,2938617,3,5,2017-08-26
2938617,Gareth,Ward,244,Wales,WA,2014,1063465,75,485456,2763,38,25,0,0,transfers,FALSE,FALSE,2017-08-10T09:14:59Z,Ward's Bar Stewards,14,981,0,0,0,1,17372679,Gareth Ward,16111152,up,66,196,238985,241386,1522514,NA,2,0,997,13,6,2938617,4,3,2017-09-09
2938617,Gareth,Ward,244,Wales,WA,2014,1063465,75,485456,2763,38,25,0,0,transfers,FALSE,FALSE,2017-08-10T09:14:59Z,Ward's Bar Stewards,14,981,0,0,0,1,17372679,Gareth Ward,21026277,up,76,272,527151,542646,807800,NA,0,0,997,16,6,2938617,5,1,2017-09-15
2938617,Gareth,Ward,244,Wales,WA,2014,1063465,75,485456,2763,38,25,0,0,transfers,FALSE,FALSE,2017-08-10T09:14:59Z,Ward's Bar Stewards,14,981,0,0,0,1,17372679,Gareth Ward,26072472,up,66,338,1832008,1854312,727708,NA,1,0,998,7,1,2938617,6,2,2017-09-23
2938617,Gareth,Ward,244,Wales,WA,2014,1063465,75,485456,2763,38,25,0,0,transfers,FALSE,FALSE,2017-08-10T09:14:59Z,Ward's Bar Stewards,14,981,0,0,0,1,17372679,Gareth Ward,31184202,up,56,394,1829478,1844834,675334,NA,2,0,1003,12,9,2938617,7,3,2017-09-30
2938617,Gareth,Ward,244,Wales,WA,2014,1063465,75,485456,2763,38,25,0,0,transfers,FALSE,FALSE,2017-08-10T09:14:59Z,Ward's Bar Stewards,14,981,0,0,0,1,17372679,Gareth Ward,36361467,down,43,437,2124717,2170394,710499,NA,0,0,1001,13,20,2938617,8,2,2017-10-14
2938617,Gareth,Ward,244,Wales,WA,2014,1063465,75,485456,2763,38,25,0,0,transfers,FALSE,FALSE,2017-08-10T09:14:59Z,Ward's Bar Stewards,14,981,0,0,0,1,17372679,Gareth Ward,41604267,down,35,472,4427519,4459084,1257374,NA,0,0,1001,3,20,2938617,9,5,2017-10-20
2938617,Gareth,Ward,244,Wales,WA,2014,1063465,75,485456,2763,38,25,0,0,transfers,FALSE,FALSE,2017-08-10T09:14:59Z,Ward's Bar Stewards,14,981,0,0,0,1,17372679,Gareth Ward,46912602,up,56,528,922196,951497,948611,NA,0,0,1002,20,20,2938617,10,4,2017-10-28
2938617,Gareth,Ward,244,Wales,WA,2014,1063465,75,485456,2763,38,25,0,0,transfers,FALSE,FALSE,2017-08-10T09:14:59Z,Ward's Bar Stewards,14,981,0,0,0,1,17372679,Gareth Ward,52220937,down,39,567,3598905,3613700,1128991,NA,2,0,1003,13,3,2938617,11,4,2017-11-04
2938617,Gareth,Ward,244,Wales,WA,2014,1063465,75,485456,2763,38,25,0,0,transfers,FALSE,FALSE,2017-08-10T09:14:59Z,Ward's Bar Stewards,14,981,0,0,0,1,17372679,Gareth Ward,57594807,down,50,617,3392275,3434346,1352979,NA,0,0,1006,21,3,2938617,12,5,2017-11-18
2938617,Gareth,Ward,244,Wales,WA,2014,1063465,75,485456,2763,38,25,0,0,transfers,FALSE,FALSE,2017-08-10T09:14:59Z,Ward's Bar Stewards,14,981,0,0,0,1,17372679,Gareth Ward,62968677,up,45,662,2342875,2360462,1344342,NA,2,0,1006,18,8,2938617,13,5,2017-11-24
2938617,Gareth,Ward,244,Wales,WA,2014,1063465,75,485456,2763,38,25,0,0,transfers,FALSE,FALSE,2017-08-10T09:14:59Z,Ward's Bar Stewards,14,981,0,0,0,1,17372679,Gareth Ward,68408082,up,55,717,1432807,1448103,1164821,NA,1,0,1006,5,7,2938617,14,5,2017-11-28
2938617,Gareth,Ward,244,Wales,WA,2014,1063465,75,485456,2763,38,25,0,0,transfers,FALSE,FALSE,2017-08-10T09:14:59Z,Ward's Bar Stewards,14,981,0,0,0,1,17372679,Gareth Ward,73847487,down,39,756,3502724,3559264,1316495,NA,0,0,1004,10,7,2938617,15,5,2017-12-02
2938617,Gareth,Ward,244,Wales,WA,2014,1063465,75,485456,2763,38,25,0,0,transfers,FALSE,FALSE,2017-08-10T09:14:59Z,Ward's Bar Stewards,14,981,0,0,0,1,17372679,Gareth Ward,79352427,down,44,800,2608074,2649981,1370145,NA,0,0,1004,16,7,2938617,16,5,2017-12-09
2938617,Gareth,Ward,244,Wales,WA,2014,1063465,75,485456,2763,38,25,0,0,transfers,FALSE,FALSE,2017-08-10T09:14:59Z,Ward's Bar Stewards,14,981,0,0,0,1,17372679,Gareth Ward,84857367,up,64,864,527434,532799,1028717,NA,2,0,1000,6,2,2938617,17,5,2017-12-12
2938617,Gareth,Ward,244,Wales,WA,2014,1063465,75,485456,2763,38,25,0,0,transfers,FALSE,FALSE,2017-08-10T09:14:59Z,Ward's Bar Stewards,14,981,0,0,0,1,17372679,Gareth Ward,90362307,up,66,930,897525,922459,838407,NA,0,0,1003,10,2,2938617,18,5,2017-12-16
2938617,Gareth,Ward,244,Wales,WA,2014,1063465,75,485456,2763,38,25,0,0,transfers,FALSE,FALSE,2017-08-10T09:14:59Z,Ward's Bar Stewards,14,981,0,0,0,1,17372679,Gareth Ward,95932782,down,45,975,4469925,4475070,1219763,NA,1,0,1002,12,2,2938617,19,5,2017-12-22
2938617,Gareth,Ward,244,Wales,WA,2014,1063465,75,485456,2763,38,25,0,0,transfers,FALSE,FALSE,2017-08-10T09:14:59Z,Ward's Bar Stewards,14,981,0,0,0,1,17372679,Gareth Ward,101503257,down,53,1028,3852616,3860223,1495133,NA,1,0,1005,1,1,2938617,20,5,2017-12-26
2938617,Gareth,Ward,244,Wales,WA,2014,1063465,75,485456,2763,38,25,0,0,transfers,FALSE,FALSE,2017-08-10T09:14:59Z,Ward's Bar Stewards,14,981,0,0,0,1,17372679,Gareth Ward,107139267,up,59,1087,1024866,1040226,1308500,NA,1,0,1007,3,1,2938617,21,5,2017-12-30
2938617,Gareth,Ward,244,Wales,WA,2014,1063465,75,485456,2763,38,25,0,0,transfers,FALSE,FALSE,2017-08-10T09:14:59Z,Ward's Bar Stewards,14,981,0,0,0,1,17372679,Gareth Ward,112775277,up,56,1143,1068958,1107863,1164487,NA,0,0,1004,5,1,2938617,22,5,2018-01-01
2938617,Gareth,Ward,244,Wales,WA,2014,1063465,75,485456,2763,38,25,0,0,transfers,FALSE,FALSE,2017-08-10T09:14:59Z,Ward's Bar Stewards,14,981,0,0,0,1,17372679,Gareth Ward,118411287,up,76,1219,627451,648725,993517,NA,0,0,1006,3,1,2938617,23,5,2018-01-13
2938617,Gareth,Ward,244,Wales,WA,2014,1063465,75,485456,2763,38,25,0,0,transfers,FALSE,FALSE,2017-08-10T09:14:59Z,Ward's Bar Stewards,14,981,0,0,0,1,17372679,Gareth Ward,124112832,down,47,1266,3346275,3362423,1073711,NA,2,0,1006,14,3,2938617,24,5,2018-01-20
2938617,Gareth,Ward,244,Wales,WA,2014,1063465,75,485456,2763,38,25,0,0,transfers,FALSE,FALSE,2017-08-10T09:14:59Z,Ward's Bar Stewards,14,981,0,0,0,1,17372679,Gareth Ward,129814377,down,41,1307,3877438,3927044,1219099,NA,0,0,1010,3,3,2938617,25,5,2018-01-30
2938617,Gareth,Ward,244,Wales,WA,2014,1063465,75,485456,2763,38,25,0,0,transfers,FALSE,FALSE,2017-08-10T09:14:59Z,Ward's Bar Stewards,14,981,0,0,0,1,17372679,Gareth Ward,135581457,down,34,1341,4210464,4255781,1395108,NA,0,0,1010,3,3,2938617,26,5,2018-02-03
2938617,Gareth,Ward,244,Wales,WA,2014,1063465,75,485456,2763,38,25,0,0,transfers,FALSE,FALSE,2017-08-10T09:14:59Z,Ward's Bar Stewards,14,981,0,0,0,1,17372679,Gareth Ward,141348537,up,87,1428,699520,710119,1197292,NA,1,0,1010,6,0,2938617,27,5,2018-02-10
2938617,Gareth,Ward,244,Wales,WA,2014,1063465,75,485456,2763,38,25,0,0,transfers,FALSE,FALSE,2017-08-10T09:14:59Z,Ward's Bar Stewards,14,981,0,0,0,1,17372679,Gareth Ward,147181152,down,44,1472,3995912,4050472,1293814,NA,0,0,1009,8,0,2938617,28,5,2018-02-24
2938617,Gareth,Ward,244,Wales,WA,2014,1063465,75,485456,2763,38,25,0,0,transfers,FALSE,FALSE,2017-08-10T09:14:59Z,Ward's Bar Stewards,14,981,0,0,0,1,17372679,Gareth Ward,153013767,down,47,1519,2626485,2701922,1321647,NA,0,0,1011,7,0,2938617,29,5,2018-03-03
2938617,Gareth,Ward,244,Wales,WA,2014,1063465,75,485456,2763,38,25,0,0,transfers,FALSE,FALSE,2017-08-10T09:14:59Z,Ward's Bar Stewards,14,981,0,0,0,1,17372679,Gareth Ward,158846382,up,49,1568,1312315,1354781,1210742,NA,0,0,1011,16,0,2938617,30,5,2018-03-10
2938617,Gareth,Ward,244,Wales,WA,2014,1063465,75,485456,2763,38,25,0,0,transfers,FALSE,FALSE,2017-08-10T09:14:59Z,Ward's Bar Stewards,14,981,0,0,0,1,17372679,Gareth Ward,164678997,down,65,1633,2212182,2219112,1244579,NA,2,0,1006,0,1,2938617,31,5,2018-03-17
2938617,Gareth,Ward,244,Wales,WA,2014,1063465,75,485456,2763,38,25,0,0,transfers,FALSE,FALSE,2017-08-10T09:14:59Z,Ward's Bar Stewards,14,981,0,0,0,1,17372679,Gareth Ward,170577147,up,61,1694,724374,750919,1138140,NA,0,0,1007,2,1,2938617,32,5,2018-03-31
2938617,Gareth,Ward,244,Wales,WA,2014,1063465,75,485456,2763,38,25,0,0,transfers,FALSE,FALSE,2017-08-10T09:14:59Z,Ward's Bar Stewards,14,981,0,0,0,1,17372679,Gareth Ward,176475297,up,37,1731,1959763,1976192,1090665,NA,1,0,1006,2,4,2938617,33,5,2018-04-07
2938617,Gareth,Ward,244,Wales,WA,2014,1063465,75,485456,2763,38,25,0,0,transfers,FALSE,FALSE,2017-08-10T09:14:59Z,Ward's Bar Stewards,14,981,0,0,0,1,17372679,Gareth Ward,182373447,down,54,1785,4398626,4446144,1252232,NA,0,0,999,19,0,2938617,34,5,2018-04-14
2938617,Gareth,Ward,244,Wales,WA,2014,1063465,75,485456,2763,38,25,0,0,transfers,FALSE,FALSE,2017-08-10T09:14:59Z,Ward's Bar Stewards,14,981,0,0,0,1,17372679,Gareth Ward,188271597,down,26,1811,3418246,3477516,1322979,NA,0,0,998,0,0,2938617,35,5,2018-04-21
2938617,Gareth,Ward,244,Wales,WA,2014,1063465,75,485456,2763,38,25,0,0,transfers,FALSE,FALSE,2017-08-10T09:14:59Z,Ward's Bar Stewards,14,981,0,0,0,1,17372679,Gareth Ward,194169747,up,47,1858,2400463,2410269,1309599,NA,2,0,997,0,11,2938617,36,5,2018-04-28
2938617,Gareth,Ward,244,Wales,WA,2014,1063465,75,485456,2763,38,25,0,0,transfers,FALSE,FALSE,2017-08-10T09:14:59Z,Ward's Bar Stewards,14,981,0,0,0,1,17372679,Gareth Ward,200067897,up,81,1939,1067357,1071907,1196364,NA,1,0,994,10,6,2938617,37,5,2018-05-04
2938617,Gareth,Ward,244,Wales,WA,2014,1063465,75,485456,2763,38,25,0,0,transfers,FALSE,FALSE,2017-08-10T09:14:59Z,Ward's Bar Stewards,14,981,0,0,0,1,17372679,Gareth Ward,206031582,up,75,2014,485456,493395,1063465,NA,1,0,995,2,14,2938617,38,5,2018-05-13
1309360,Tom,Graham,241,England,EN,2167,210221,66,1035902,78393,38,44,0,0,transfers,FALSE,FALSE,2017-07-28T12:14:29Z,Neymar Pending,4,1037,0,0,0,1,1817835,Tom Graham,1309360,new,73,73,658447,683695,658447,NA,0,0,1000,1,0,1309360,1,1,2017-08-11
1309360,Tom,Graham,241,England,EN,2167,210221,66,1035902,78393,38,44,0,0,transfers,FALSE,FALSE,2017-07-28T12:14:29Z,Neymar Pending,4,1037,0,0,0,1,1817835,Tom Graham,5241460,down,48,117,1751568,1756945,980138,NA,2,4,1001,5,0,1309360,2,1,2017-08-19
1309360,Tom,Graham,241,England,EN,2167,210221,66,1035902,78393,38,44,0,0,transfers,FALSE,FALSE,2017-07-28T12:14:29Z,Neymar Pending,4,1037,0,0,0,1,1817835,Tom Graham,9763375,down,45,154,2011913,2014791,1395227,NA,3,8,1005,12,13,1309360,3,2,2017-08-26
1309360,Tom,Graham,241,England,EN,2167,210221,66,1035902,78393,38,44,0,0,transfers,FALSE,FALSE,2017-07-28T12:14:29Z,Neymar Pending,4,1037,0,0,0,1,1817835,Tom Graham,14481895,down,36,182,3788920,3790588,2386256,NA,3,8,1010,8,6,1309360,4,5,2017-09-09
1309360,Tom,Graham,241,England,EN,2167,210221,66,1035902,78393,38,44,0,0,transfers,FALSE,FALSE,2017-07-28T12:14:29Z,Neymar Pending,4,1037,0,0,0,1,1817835,Tom Graham,19397020,up,69,251,1085952,1097117,1776856,NA,0,0,1007,14,0,1309360,5,4,2017-09-15
1309360,Tom,Graham,241,England,EN,2167,210221,66,1035902,78393,38,44,0,0,transfers,FALSE,FALSE,2017-07-28T12:14:29Z,Neymar Pending,4,1037,0,0,0,1,1817835,Tom Graham,24443215,up,71,322,1181261,1190369,1365449,NA,1,0,1011,8,0,1309360,6,4,2017-09-23
1309360,Tom,Graham,241,England,EN,2167,210221,66,1035902,78393,38,44,0,0,transfers,FALSE,FALSE,2017-07-28T12:14:29Z,Neymar Pending,4,1037,0,0,0,1,1817835,Tom Graham,29554945,up,66,388,707395,714066,879815,NA,1,0,1014,4,0,1309360,7,4,2017-09-30
1309360,Tom,Graham,241,England,EN,2167,210221,66,1035902,78393,38,44,0,0,transfers,FALSE,FALSE,2017-07-28T12:14:29Z,Neymar Pending,4,1037,0,0,0,1,1817835,Tom Graham,34732210,up,49,437,1251516,1264253,726858,NA,0,0,1019,1,0,1309360,8,3,2017-10-14
1309360,Tom,Graham,241,England,EN,2167,210221,66,1035902,78393,38,44,0,0,transfers,FALSE,FALSE,2017-07-28T12:14:29Z,Neymar Pending,4,1037,0,0,0,1,1817835,Tom Graham,39975010,down,47,484,2947024,2953434,903348,NA,2,0,1018,4,0,1309360,9,3,2017-10-20
1309360,Tom,Graham,241,England,EN,2167,210221,66,1035902,78393,38,44,0,0,transfers,FALSE,FALSE,2017-07-28T12:14:29Z,Neymar Pending,4,1037,0,0,0,1,1817835,Tom Graham,45283345,up,58,538,783940,789631,706786,NA,2,4,1021,4,4,1309360,10,3,2017-10-28
1309360,Tom,Graham,241,England,EN,2167,210221,66,1035902,78393,38,44,0,0,transfers,FALSE,FALSE,2017-07-28T12:14:29Z,Neymar Pending,4,1037,0,0,0,1,1817835,Tom Graham,50591680,up,59,597,570521,579403,443248,NA,0,0,1023,7,4,1309360,11,2,2017-11-04
1309360,Tom,Graham,241,England,EN,2167,210221,66,1035902,78393,38,44,0,0,transfers,FALSE,FALSE,2017-07-28T12:14:29Z,Neymar Pending,4,1037,0,0,0,1,1817835,Tom Graham,55965550,down,55,652,2798835,2805389,555571,NA,2,0,1028,4,15,1309360,12,3,2017-11-18
1309360,Tom,Graham,241,England,EN,2167,210221,66,1035902,78393,38,44,0,0,transfers,FALSE,FALSE,2017-07-28T12:14:29Z,Neymar Pending,4,1037,0,0,0,1,1817835,Tom Graham,61339420,down,46,694,2143171,2152344,634552,NA,2,4,1028,6,15,1309360,13,3,2017-11-24
1309360,Tom,Graham,241,England,EN,2167,210221,66,1035902,78393,38,44,0,0,transfers,FALSE,FALSE,2017-07-28T12:14:29Z,Neymar Pending,4,1037,0,0,0,1,1817835,Tom Graham,66778825,up,68,762,300226,302354,355597,NA,1,0,1030,0,19,1309360,14,1,2017-11-28
1309360,Tom,Graham,241,England,EN,2167,210221,66,1035902,78393,38,44,0,0,transfers,FALSE,FALSE,2017-07-28T12:14:29Z,Neymar Pending,4,1037,0,0,0,1,1817835,Tom Graham,72218230,down,41,803,3253712,3263857,436996,NA,1,0,1032,2,5,1309360,15,2,2017-12-02
1309360,Tom,Graham,241,England,EN,2167,210221,66,1035902,78393,38,44,0,0,transfers,FALSE,FALSE,2017-07-28T12:14:29Z,Neymar Pending,4,1037,0,0,0,1,1817835,Tom Graham,77723170,up,55,858,1178647,1187707,371552,NA,1,0,1030,2,7,1309360,16,4,2017-12-09
1309360,Tom,Graham,241,England,EN,2167,210221,66,1035902,78393,38,44,0,0,transfers,FALSE,FALSE,2017-07-28T12:14:29Z,Neymar Pending,4,1037,0,0,0,1,1817835,Tom Graham,83228110,down,38,892,4453537,4460187,556686,NA,2,4,1029,0,2,1309360,17,4,2017-12-12
1309360,Tom,Graham,241,England,EN,2167,210221,66,1035902,78393,38,44,0,0,transfers,FALSE,FALSE,2017-07-28T12:14:29Z,Neymar Pending,4,1037,0,0,0,1,1817835,Tom Graham,88733050,up,59,951,1691602,1707846,532194,NA,0,0,1028,5,2,1309360,18,4,2017-12-16
1309360,Tom,Graham,241,England,EN,2167,210221,66,1035902,78393,38,44,0,0,transfers,FALSE,FALSE,2017-07-28T12:14:29Z,Neymar Pending,4,1037,0,0,0,1,1817835,Tom Graham,94303525,up,82,1033,644905,651120,386446,NA,2,0,1026,9,2,1309360,19,3,2017-12-22
1309360,Tom,Graham,241,England,EN,2167,210221,66,1035902,78393,38,44,0,0,transfers,FALSE,FALSE,2017-07-28T12:14:29Z,Neymar Pending,4,1037,0,0,0,1,1817835,Tom Graham,99874000,up,82,1115,884728,891582,320087,NA,1,0,1026,3,1,1309360,20,3,2017-12-26
1309360,Tom,Graham,241,England,EN,2167,210221,66,1035902,78393,38,44,0,0,transfers,FALSE,FALSE,2017-07-28T12:14:29Z,Neymar Pending,4,1037,0,0,0,1,1817835,Tom Graham,105510010,down,36,1151,4041827,4046030,467085,NA,1,0,1030,0,10,1309360,21,4,2017-12-30
1309360,Tom,Graham,241,England,EN,2167,210221,66,1035902,78393,38,44,0,0,transfers,FALSE,FALSE,2017-07-28T12:14:29Z,Neymar Pending,4,1037,0,0,0,1,1817835,Tom Graham,111146020,down,37,1188,4096662,4119713,584005,NA,0,0,1028,0,10,1309360,22,4,2018-01-01
1309360,Tom,Graham,241,England,EN,2167,210221,66,1035902,78393,38,44,0,0,transfers,FALSE,FALSE,2017-07-28T12:14:29Z,Neymar Pending,4,1037,0,0,0,1,1817835,Tom Graham,116782030,up,73,1261,959192,965354,517265,NA,2,0,1032,1,1,1309360,23,4,2018-01-13
1309360,Tom,Graham,241,England,EN,2167,210221,66,1035902,78393,38,44,0,0,transfers,FALSE,FALSE,2017-07-28T12:14:29Z,Neymar Pending,4,1037,0,0,0,1,1817835,Tom Graham,122483575,down,45,1306,3571439,3593653,601606,NA,0,0,1028,5,3,1309360,24,4,2018-01-20
1309360,Tom,Graham,241,England,EN,2167,210221,66,1035902,78393,38,44,0,0,transfers,FALSE,FALSE,2017-07-28T12:14:29Z,Neymar Pending,4,1037,0,0,0,1,1817835,Tom Graham,128185120,down,52,1358,2065915,2076008,607807,NA,1,0,1029,15,10,1309360,25,4,2018-01-30
1309360,Tom,Graham,241,England,EN,2167,210221,66,1035902,78393,38,44,0,0,transfers,FALSE,FALSE,2017-07-28T12:14:29Z,Neymar Pending,4,1037,0,0,0,1,1817835,Tom Graham,133952200,down,46,1404,2329968,2349378,628126,NA,0,0,1030,4,10,1309360,26,4,2018-02-03
1309360,Tom,Graham,241,England,EN,2167,210221,66,1035902,78393,38,44,0,0,transfers,FALSE,FALSE,2017-07-28T12:14:29Z,Neymar Pending,4,1037,0,0,0,1,1817835,Tom Graham,139719280,down,62,1466,2852589,2856521,765948,NA,2,0,1031,15,5,1309360,27,4,2018-02-10
1309360,Tom,Graham,241,England,EN,2167,210221,66,1035902,78393,38,44,0,0,transfers,FALSE,FALSE,2017-07-28T12:14:29Z,Neymar Pending,4,1037,0,0,0,1,1817835,Tom Graham,145551895,up,70,1536,154418,158175,599894,NA,0,0,1034,2,5,1309360,28,4,2018-02-24
1309360,Tom,Graham,241,England,EN,2167,210221,66,1035902,78393,38,44,0,0,transfers,FALSE,FALSE,2017-07-28T12:14:29Z,Neymar Pending,4,1037,0,0,0,1,1817835,Tom Graham,151384510,down,45,1581,3281397,3288436,653917,NA,2,0,1035,2,1,1309360,29,4,2018-03-03
1309360,Tom,Graham,241,England,EN,2167,210221,66,1035902,78393,38,44,0,0,transfers,FALSE,FALSE,2017-07-28T12:14:29Z,Neymar Pending,4,1037,0,0,0,1,1817835,Tom Graham,157217125,down,27,1608,5220398,5225392,779584,NA,1,0,1037,1,1,1309360,30,4,2018-03-10
1309360,Tom,Graham,241,England,EN,2167,210221,66,1035902,78393,38,44,0,0,transfers,FALSE,FALSE,2017-07-28T12:14:29Z,Neymar Pending,4,1037,0,0,0,1,1817835,Tom Graham,163049740,up,97,1705,343915,350753,587308,NA,0,0,1037,20,1,1309360,31,4,2018-03-17
1309360,Tom,Graham,241,England,EN,2167,210221,66,1035902,78393,38,44,0,0,transfers,FALSE,FALSE,2017-07-28T12:14:29Z,Neymar Pending,4,1037,0,0,0,1,1817835,Tom Graham,168947890,up,67,1772,329452,333434,484419,NA,1,0,1039,2,14,1309360,32,4,2018-03-31
1309360,Tom,Graham,241,England,EN,2167,210221,66,1035902,78393,38,44,0,0,transfers,FALSE,FALSE,2017-07-28T12:14:29Z,Neymar Pending,4,1037,0,0,0,1,1817835,Tom Graham,174846040,up,38,1806,1799836,1806739,479970,NA,2,4,1039,2,0,1309360,33,4,2018-04-07
1309360,Tom,Graham,241,England,EN,2167,210221,66,1035902,78393,38,44,0,0,transfers,FALSE,FALSE,2017-07-28T12:14:29Z,Neymar Pending,4,1037,0,0,0,1,1817835,Tom Graham,180744190,up,83,1889,651395,655222,430899,NA,1,0,1036,27,2,1309360,34,4,2018-04-14
1309360,Tom,Graham,241,England,EN,2167,210221,66,1035902,78393,38,44,0,0,transfers,FALSE,FALSE,2017-07-28T12:14:29Z,Neymar Pending,4,1037,0,0,0,1,1817835,Tom Graham,186642340,up,60,1945,162859,164024,337588,NA,2,4,1039,1,17,1309360,35,4,2018-04-21
1309360,Tom,Graham,241,England,EN,2167,210221,66,1035902,78393,38,44,0,0,transfers,FALSE,FALSE,2017-07-28T12:14:29Z,Neymar Pending,4,1037,0,0,0,1,1817835,Tom Graham,192540490,up,57,2002,740796,757042,302220,NA,0,0,1041,15,17,1309360,36,4,2018-04-28
1309360,Tom,Graham,241,England,EN,2167,210221,66,1035902,78393,38,44,0,0,transfers,FALSE,FALSE,2017-07-28T12:14:29Z,Neymar Pending,4,1037,0,0,0,1,1817835,Tom Graham,198438640,up,99,2101,209121,210780,209825,NA,2,0,1040,0,1,1309360,37,3,2018-05-04
1309360,Tom,Graham,241,England,EN,2167,210221,66,1035902,78393,38,44,0,0,transfers,FALSE,FALSE,2017-07-28T12:14:29Z,Neymar Pending,4,1037,0,0,0,1,1817835,Tom Graham,204402325,down,66,2167,1035902,1041602,210221,NA,1,0,1041,2,4,1309360,38,2,2018-05-13
386429,Ben,Tremain,241,England,EN,2302,13739,68,884507,75113,38,43,0,0,transfers,FALSE,FALSE,2017-07-14T13:09:09Z,Gimme All Your Mane,0,1044,0,0,0,1,4850692,Ben Tremain,386429,new,69,69,957772,966792,957772,NA,0,0,1000,8,5,386429,1,3,2017-08-11
386429,Ben,Tremain,241,England,EN,2302,13739,68,884507,75113,38,43,0,0,transfers,FALSE,FALSE,2017-07-14T13:09:09Z,Gimme All Your Mane,0,1044,0,0,0,1,4850692,Ben Tremain,4318529,down,42,111,2536199,2541560,1314265,NA,1,0,1002,9,15,386429,2,2,2017-08-19
386429,Ben,Tremain,241,England,EN,2302,13739,68,884507,75113,38,43,0,0,transfers,FALSE,FALSE,2017-07-14T13:09:09Z,Gimme All Your Mane,0,1044,0,0,0,1,4850692,Ben Tremain,8840444,up,47,158,1572100,1576016,1138561,NA,0,0,1004,9,15,386429,3,1,2017-08-26
386429,Ben,Tremain,241,England,EN,2302,13739,68,884507,75113,38,43,0,0,transfers,FALSE,FALSE,2017-07-14T13:09:09Z,Gimme All Your Mane,0,1044,0,0,0,1,4850692,Ben Tremain,13558964,up,56,210,922829,923099,801616,NA,3,4,1005,7,32,386429,4,1,2017-09-09
386429,Ben,Tremain,241,England,EN,2302,13739,68,884507,75113,38,43,0,0,transfers,FALSE,FALSE,2017-07-14T13:09:09Z,Gimme All Your Mane,0,1044,0,0,0,1,4850692,Ben Tremain,18474089,down,39,249,4606746,4608883,1854006,NA,0,0,1008,5,0,386429,5,5,2017-09-15
386429,Ben,Tremain,241,England,EN,2302,13739,68,884507,75113,38,43,0,0,transfers,FALSE,FALSE,2017-07-14T13:09:09Z,Gimme All Your Mane,0,1044,0,0,0,1,4850692,Ben Tremain,23520284,up,89,334,94367,94818,882864,NA,2,4,1011,8,4,386429,6,3,2017-09-23
386429,Ben,Tremain,241,England,EN,2302,13739,68,884507,75113,38,43,0,0,transfers,FALSE,FALSE,2017-07-14T13:09:09Z,Gimme All Your Mane,0,1044,0,0,0,1,4850692,Ben Tremain,28632014,up,81,415,84095,84575,234369,NA,1,0,1017,7,1,386429,7,1,2017-09-30
386429,Ben,Tremain,241,England,EN,2302,13739,68,884507,75113,38,43,0,0,transfers,FALSE,FALSE,2017-07-14T13:09:09Z,Gimme All Your Mane,0,1044,0,0,0,1,4850692,Ben Tremain,33809279,up,62,473,299943,301005,121974,NA,2,4,1021,2,3,386429,8,1,2017-10-14
386429,Ben,Tremain,241,England,EN,2302,13739,68,884507,75113,38,43,0,0,transfers,FALSE,FALSE,2017-07-14T13:09:09Z,Gimme All Your Mane,0,1044,0,0,0,1,4850692,Ben Tremain,39052079,up,67,540,664682,667507,57374,NA,0,0,1024,4,3,386429,9,1,2017-10-20
386429,Ben,Tremain,241,England,EN,2302,13739,68,884507,75113,38,43,0,0,transfers,FALSE,FALSE,2017-07-14T13:09:09Z,Gimme All Your Mane,0,1044,0,0,0,1,4850692,Ben Tremain,44360414,down,27,567,5131026,5131627,209334,NA,2,0,1024,4,4,386429,10,1,2017-10-28
386429,Ben,Tremain,241,England,EN,2302,13739,68,884507,75113,38,43,0,0,transfers,FALSE,FALSE,2017-07-14T13:09:09Z,Gimme All Your Mane,0,1044,0,0,0,1,4850692,Ben Tremain,49668749,down,42,609,3031375,3035106,267841,NA,1,0,1023,9,14,386429,11,1,2017-11-04
386429,Ben,Tremain,241,England,EN,2302,13739,68,884507,75113,38,43,0,0,transfers,FALSE,FALSE,2017-07-14T13:09:09Z,Gimme All Your Mane,0,1044,0,0,0,1,4850692,Ben Tremain,55042619,down,52,661,3203498,3205844,409042,NA,1,0,1023,12,14,386429,12,1,2017-11-18
386429,Ben,Tremain,241,England,EN,2302,13739,68,884507,75113,38,43,0,0,transfers,FALSE,FALSE,2017-07-14T13:09:09Z,Gimme All Your Mane,0,1044,0,0,0,1,4850692,Ben Tremain,60416489,down,44,705,2511813,2515532,452178,NA,1,0,1022,6,3,386429,13,1,2017-11-24
386429,Ben,Tremain,241,England,EN,2302,13739,68,884507,75113,38,43,0,0,transfers,FALSE,FALSE,2017-07-14T13:09:09Z,Gimme All Your Mane,0,1044,0,0,0,1,4850692,Ben Tremain,65855894,up,52,757,1878711,1881908,416214,NA,1,0,1024,2,2,386429,14,3,2017-11-28
386429,Ben,Tremain,241,England,EN,2302,13739,68,884507,75113,38,43,0,0,transfers,FALSE,FALSE,2017-07-14T13:09:09Z,Gimme All Your Mane,0,1044,0,0,0,1,4850692,Ben Tremain,71295299,down,44,801,2695935,2699477,461021,NA,1,0,1027,5,3,386429,15,3,2017-12-02
386429,Ben,Tremain,241,England,EN,2302,13739,68,884507,75113,38,43,0,0,transfers,FALSE,FALSE,2017-07-14T13:09:09Z,Gimme All Your Mane,0,1044,0,0,0,1,4850692,Ben Tremain,76800239,up,68,865,194381,195382,298873,NA,2,4,1032,12,2,386429,16,2,2017-12-09
386429,Ben,Tremain,241,England,EN,2302,13739,68,884507,75113,38,43,0,0,transfers,FALSE,FALSE,2017-07-14T13:09:09Z,Gimme All Your Mane,0,1044,0,0,0,1,4850692,Ben Tremain,82305179,down,42,903,3826932,3830150,413472,NA,2,4,1033,5,20,386429,17,3,2017-12-12
386429,Ben,Tremain,241,England,EN,2302,13739,68,884507,75113,38,43,0,0,transfers,FALSE,FALSE,2017-07-14T13:09:09Z,Gimme All Your Mane,0,1044,0,0,0,1,4850692,Ben Tremain,87810119,up,75,978,324275,325485,251931,NA,1,0,1035,12,7,386429,18,2,2017-12-16
386429,Ben,Tremain,241,England,EN,2302,13739,68,884507,75113,38,43,0,0,transfers,FALSE,FALSE,2017-07-14T13:09:09Z,Gimme All Your Mane,0,1044,0,0,0,1,4850692,Ben Tremain,93380594,up,92,1070,159928,160953,129536,NA,1,0,1040,2,1,386429,19,1,2017-12-22
386429,Ben,Tremain,241,England,EN,2302,13739,68,884507,75113,38,43,0,0,transfers,FALSE,FALSE,2017-07-14T13:09:09Z,Gimme All Your Mane,0,1044,0,0,0,1,4850692,Ben Tremain,98951069,up,114,1184,10928,10989,36283,NA,1,0,1043,10,2,386429,20,1,2017-12-26
386429,Ben,Tremain,241,England,EN,2302,13739,68,884507,75113,38,43,0,0,transfers,FALSE,FALSE,2017-07-14T13:09:09Z,Gimme All Your Mane,0,1044,0,0,0,1,4850692,Ben Tremain,104587079,down,47,1231,2478001,2481964,50718,NA,0,0,1051,9,2,386429,21,1,2017-12-30
386429,Ben,Tremain,241,England,EN,2302,13739,68,884507,75113,38,43,0,0,transfers,FALSE,FALSE,2017-07-14T13:09:09Z,Gimme All Your Mane,0,1044,0,0,0,1,4850692,Ben Tremain,110223089,down,49,1276,2197405,2198655,63239,NA,3,4,1047,2,2,386429,22,1,2018-01-01
386429,Ben,Tremain,241,England,EN,2302,13739,68,884507,75113,38,43,0,0,transfers,FALSE,FALSE,2017-07-14T13:09:09Z,Gimme All Your Mane,0,1044,0,0,0,1,4850692,Ben Tremain,115859099,up,75,1351,707219,710633,55156,NA,0,0,1053,10,2,386429,23,1,2018-01-13
386429,Ben,Tremain,241,England,EN,2302,13739,68,884507,75113,38,43,0,0,transfers,FALSE,FALSE,2017-07-14T13:09:09Z,Gimme All Your Mane,0,1044,0,0,0,1,4850692,Ben Tremain,121560644,down,49,1400,2928585,2932137,67288,NA,1,0,1056,3,20,386429,24,1,2018-01-20
386429,Ben,Tremain,241,England,EN,2302,13739,68,884507,75113,38,43,0,0,transfers,FALSE,FALSE,2017-07-14T13:09:09Z,Gimme All Your Mane,0,1044,0,0,0,1,4850692,Ben Tremain,127262189,up,67,1467,351213,352258,44465,NA,2,0,1054,2,4,386429,25,1,2018-01-30
386429,Ben,Tremain,241,England,EN,2302,13739,68,884507,75113,38,43,0,0,transfers,FALSE,FALSE,2017-07-14T13:09:09Z,Gimme All Your Mane,0,1044,0,0,0,1,4850692,Ben Tremain,133029269,up,51,1518,1670361,1673274,42092,NA,1,0,1055,10,17,386429,26,1,2018-02-03
386429,Ben,Tremain,241,England,EN,2302,13739,68,884507,75113,38,43,0,0,transfers,FALSE,FALSE,2017-07-14T13:09:09Z,Gimme All Your Mane,0,1044,0,0,0,1,4850692,Ben Tremain,138796349,down,74,1592,1666618,1668812,54158,NA,1,0,1055,5,13,386429,27,1,2018-02-10
386429,Ben,Tremain,241,England,EN,2302,13739,68,884507,75113,38,43,0,0,transfers,FALSE,FALSE,2017-07-14T13:09:09Z,Gimme All Your Mane,0,1044,0,0,0,1,4850692,Ben Tremain,144628964,up,60,1652,987381,989884,46867,NA,1,0,1053,2,2,386429,28,1,2018-02-24
386429,Ben,Tremain,241,England,EN,2302,13739,68,884507,75113,38,43,0,0,transfers,FALSE,FALSE,2017-07-14T13:09:09Z,Gimme All Your Mane,0,1044,0,0,0,1,4850692,Ben Tremain,150461579,up,60,1712,494321,497367,38416,NA,0,0,1055,0,2,386429,29,1,2018-03-03
386429,Ben,Tremain,241,England,EN,2302,13739,68,884507,75113,38,43,0,0,transfers,FALSE,FALSE,2017-07-14T13:09:09Z,Gimme All Your Mane,0,1044,0,0,0,1,4850692,Ben Tremain,156294194,down,35,1747,3941446,3944655,47581,NA,1,0,1053,2,0,386429,30,1,2018-03-10
386429,Ben,Tremain,241,England,EN,2302,13739,68,884507,75113,38,43,0,0,transfers,FALSE,FALSE,2017-07-14T13:09:09Z,Gimme All Your Mane,0,1044,0,0,0,1,4850692,Ben Tremain,162126809,down,78,1825,1084161,1085773,60270,NA,2,0,1051,0,1,386429,31,1,2018-03-17
386429,Ben,Tremain,241,England,EN,2302,13739,68,884507,75113,38,43,0,0,transfers,FALSE,FALSE,2017-07-14T13:09:09Z,Gimme All Your Mane,0,1044,0,0,0,1,4850692,Ben Tremain,168024959,up,59,1884,934555,938562,56757,NA,0,0,1042,3,16,386429,32,1,2018-03-31
386429,Ben,Tremain,241,England,EN,2302,13739,68,884507,75113,38,43,0,0,transfers,FALSE,FALSE,2017-07-14T13:09:09Z,Gimme All Your Mane,0,1044,0,0,0,1,4850692,Ben Tremain,173923109,up,59,1943,107803,108038,29995,NA,1,0,1046,3,0,386429,33,1,2018-04-07
386429,Ben,Tremain,241,England,EN,2302,13739,68,884507,75113,38,43,0,0,transfers,FALSE,FALSE,2017-07-14T13:09:09Z,Gimme All Your Mane,0,1044,0,0,0,1,4850692,Ben Tremain,179821259,up,96,2035,150271,151187,23183,NA,2,4,1043,0,0,386429,34,1,2018-04-14
386429,Ben,Tremain,241,England,EN,2302,13739,68,884507,75113,38,43,0,0,transfers,FALSE,FALSE,2017-07-14T13:09:09Z,Gimme All Your Mane,0,1044,0,0,0,1,4850692,Ben Tremain,185719409,up,73,2108,19062,20264,11870,NA,0,0,1043,10,0,386429,35,1,2018-04-21
386429,Ben,Tremain,241,England,EN,2302,13739,68,884507,75113,38,43,0,0,transfers,FALSE,FALSE,2017-07-14T13:09:09Z,Gimme All Your Mane,0,1044,0,0,0,1,4850692,Ben Tremain,191617559,down,52,2156,1489311,1491235,12946,NA,2,4,1044,16,17,386429,36,1,2018-04-28
386429,Ben,Tremain,241,England,EN,2302,13739,68,884507,75113,38,43,0,0,transfers,FALSE,FALSE,2017-07-14T13:09:09Z,Gimme All Your Mane,0,1044,0,0,0,1,4850692,Ben Tremain,197515709,down,82,2234,987872,989377,13212,NA,2,4,1041,13,0,386429,37,1,2018-05-04
386429,Ben,Tremain,241,England,EN,2302,13739,68,884507,75113,38,43,0,0,transfers,FALSE,FALSE,2017-07-14T13:09:09Z,Gimme All Your Mane,0,1044,0,0,0,1,4850692,Ben Tremain,203479394,down,68,2302,884507,886519,13739,NA,1,0,1044,0,0,386429,38,1,2018-05-13
376149,Ian,Hooper,241,England,EN,2154,253070,88,129128,80889,38,47,0,0,transfers,FALSE,FALSE,2017-07-14T11:32:53Z,Scratching Tadic,4,1022,0,0,0,1,889203,Ian Hooper,376149,new,64,64,1391289,1400702,1391289,NA,0,0,1000,2,0,376149,1,4,2017-08-11
376149,Ian,Hooper,241,England,EN,2154,253070,88,129128,80889,38,47,0,0,transfers,FALSE,FALSE,2017-07-14T11:32:53Z,Scratching Tadic,4,1022,0,0,0,1,889203,Ian Hooper,4308249,down,49,109,1621606,1623314,1468041,NA,2,4,1001,4,5,376149,2,3,2017-08-19
376149,Ian,Hooper,241,England,EN,2154,253070,88,129128,80889,38,47,0,0,transfers,FALSE,FALSE,2017-07-14T11:32:53Z,Scratching Tadic,4,1022,0,0,0,1,889203,Ian Hooper,8830164,up,44,153,2025691,2030206,1420941,NA,0,0,1007,16,13,376149,3,3,2017-08-26
376149,Ian,Hooper,241,England,EN,2154,253070,88,129128,80889,38,47,0,0,transfers,FALSE,FALSE,2017-07-14T11:32:53Z,Scratching Tadic,4,1022,0,0,0,1,889203,Ian Hooper,13548684,down,39,188,3348199,3350256,2027815,NA,2,4,1008,17,1,376149,4,4,2017-09-09
376149,Ian,Hooper,241,England,EN,2154,253070,88,129128,80889,38,47,0,0,transfers,FALSE,FALSE,2017-07-14T11:32:53Z,Scratching Tadic,4,1022,0,0,0,1,889203,Ian Hooper,18463809,up,71,259,945460,947530,1384157,NA,1,0,1011,6,6,376149,5,3,2017-09-15
376149,Ian,Hooper,241,England,EN,2154,253070,88,129128,80889,38,47,0,0,transfers,FALSE,FALSE,2017-07-14T11:32:53Z,Scratching Tadic,4,1022,0,0,0,1,889203,Ian Hooper,23510004,down,62,317,2447719,2450178,1577843,NA,2,4,1011,7,10,376149,6,5,2017-09-23
376149,Ian,Hooper,241,England,EN,2154,253070,88,129128,80889,38,47,0,0,transfers,FALSE,FALSE,2017-07-14T11:32:53Z,Scratching Tadic,4,1022,0,0,0,1,889203,Ian Hooper,28621734,up,71,388,384909,386381,876283,NA,1,0,1014,13,1,376149,7,5,2017-09-30
376149,Ian,Hooper,241,England,EN,2154,253070,88,129128,80889,38,47,0,0,transfers,FALSE,FALSE,2017-07-14T11:32:53Z,Scratching Tadic,4,1022,0,0,0,1,889203,Ian Hooper,33798999,down,33,417,4044536,4046429,1369933,NA,2,4,1016,5,37,376149,8,5,2017-10-14
376149,Ian,Hooper,241,England,EN,2154,253070,88,129128,80889,38,47,0,0,transfers,FALSE,FALSE,2017-07-14T11:32:53Z,Scratching Tadic,4,1022,0,0,0,1,889203,Ian Hooper,39041799,up,61,474,1244439,1246187,1212247,NA,2,4,1017,3,4,376149,9,4,2017-10-20
376149,Ian,Hooper,241,England,EN,2154,253070,88,129128,80889,38,47,0,0,transfers,FALSE,FALSE,2017-07-14T11:32:53Z,Scratching Tadic,4,1022,0,0,0,1,889203,Ian Hooper,44350134,down,37,511,4241894,4244105,1492641,NA,1,0,1015,1,5,376149,10,5,2017-10-28
376149,Ian,Hooper,241,England,EN,2154,253070,88,129128,80889,38,47,0,0,transfers,FALSE,FALSE,2017-07-14T11:32:53Z,Scratching Tadic,4,1022,0,0,0,1,889203,Ian Hooper,49658469,down,34,545,4258143,4262282,1832665,NA,0,0,1015,2,5,376149,11,5,2017-11-04
376149,Ian,Hooper,241,England,EN,2154,253070,88,129128,80889,38,47,0,0,transfers,FALSE,FALSE,2017-07-14T11:32:53Z,Scratching Tadic,4,1022,0,0,0,1,889203,Ian Hooper,55032339,up,87,628,118165,118387,1075831,NA,3,4,1018,3,8,376149,12,4,2017-11-18
376149,Ian,Hooper,241,England,EN,2154,253070,88,129128,80889,38,47,0,0,transfers,FALSE,FALSE,2017-07-14T11:32:53Z,Scratching Tadic,4,1022,0,0,0,1,889203,Ian Hooper,60406209,up,63,687,171781,172710,769147,NA,2,4,1018,2,7,376149,13,4,2017-11-24
376149,Ian,Hooper,241,England,EN,2154,253070,88,129128,80889,38,47,0,0,transfers,FALSE,FALSE,2017-07-14T11:32:53Z,Scratching Tadic,4,1022,0,0,0,1,889203,Ian Hooper,65845614,up,71,758,192543,192946,405355,NA,1,0,1017,0,16,376149,14,2,2017-11-28
376149,Ian,Hooper,241,England,EN,2154,253070,88,129128,80889,38,47,0,0,transfers,FALSE,FALSE,2017-07-14T11:32:53Z,Scratching Tadic,4,1022,0,0,0,1,889203,Ian Hooper,71285019,down,31,785,4825438,4826378,714680,NA,2,4,1022,1,0,376149,15,4,2017-12-02
376149,Ian,Hooper,241,England,EN,2154,253070,88,129128,80889,38,47,0,0,transfers,FALSE,FALSE,2017-07-14T11:32:53Z,Scratching Tadic,4,1022,0,0,0,1,889203,Ian Hooper,76789959,up,76,861,31688,31970,339671,NA,1,0,1022,1,9,376149,16,3,2017-12-09
376149,Ian,Hooper,241,England,EN,2154,253070,88,129128,80889,38,47,0,0,transfers,FALSE,FALSE,2017-07-14T11:32:53Z,Scratching Tadic,4,1022,0,0,0,1,889203,Ian Hooper,82294899,up,62,919,681932,683084,255275,NA,2,4,1023,5,3,376149,17,1,2017-12-12
376149,Ian,Hooper,241,England,EN,2154,253070,88,129128,80889,38,47,0,0,transfers,FALSE,FALSE,2017-07-14T11:32:53Z,Scratching Tadic,4,1022,0,0,0,1,889203,Ian Hooper,87799839,up,68,983,786349,787918,216510,NA,2,4,1026,2,45,376149,18,1,2017-12-16
376149,Ian,Hooper,241,England,EN,2154,253070,88,129128,80889,38,47,0,0,transfers,FALSE,FALSE,2017-07-14T11:32:53Z,Scratching Tadic,4,1022,0,0,0,1,889203,Ian Hooper,93370314,up,83,1062,577388,579419,169336,NA,2,4,1029,1,15,376149,19,2,2017-12-22
376149,Ian,Hooper,241,England,EN,2154,253070,88,129128,80889,38,47,0,0,transfers,FALSE,FALSE,2017-07-14T11:32:53Z,Scratching Tadic,4,1022,0,0,0,1,889203,Ian Hooper,98940789,down,68,1130,2225100,2227504,217708,NA,1,0,1030,1,7,376149,20,2,2017-12-26
376149,Ian,Hooper,241,England,EN,2154,253070,88,129128,80889,38,47,0,0,transfers,FALSE,FALSE,2017-07-14T11:32:53Z,Scratching Tadic,4,1022,0,0,0,1,889203,Ian Hooper,104576799,up,64,1194,530476,532483,165868,NA,0,0,1033,2,7,376149,21,2,2017-12-30
376149,Ian,Hooper,241,England,EN,2154,253070,88,129128,80889,38,47,0,0,transfers,FALSE,FALSE,2017-07-14T11:32:53Z,Scratching Tadic,4,1022,0,0,0,1,889203,Ian Hooper,110212809,up,70,1260,188539,188996,105263,NA,3,4,1029,3,4,376149,22,2,2018-01-01
376149,Ian,Hooper,241,England,EN,2154,253070,88,129128,80889,38,47,0,0,transfers,FALSE,FALSE,2017-07-14T11:32:53Z,Scratching Tadic,4,1022,0,0,0,1,889203,Ian Hooper,115848819,down,64,1324,2069669,2072066,124336,NA,1,0,1034,6,1,376149,23,2,2018-01-13
376149,Ian,Hooper,241,England,EN,2154,253070,88,129128,80889,38,47,0,0,transfers,FALSE,FALSE,2017-07-14T11:32:53Z,Scratching Tadic,4,1022,0,0,0,1,889203,Ian Hooper,121550364,down,50,1374,2620390,2626005,141436,NA,0,0,1035,7,1,376149,24,2,2018-01-20
376149,Ian,Hooper,241,England,EN,2154,253070,88,129128,80889,38,47,0,0,transfers,FALSE,FALSE,2017-07-14T11:32:53Z,Scratching Tadic,4,1022,0,0,0,1,889203,Ian Hooper,127251909,up,58,1432,1167355,1169920,125912,NA,2,0,1036,7,1,376149,25,2,2018-01-30
376149,Ian,Hooper,241,England,EN,2154,253070,88,129128,80889,38,47,0,0,transfers,FALSE,FALSE,2017-07-14T11:32:53Z,Scratching Tadic,4,1022,0,0,0,1,889203,Ian Hooper,133018989,down,44,1476,2645383,2650621,143888,NA,0,0,1034,4,1,376149,26,2,2018-02-03
376149,Ian,Hooper,241,England,EN,2154,253070,88,129128,80889,38,47,0,0,transfers,FALSE,FALSE,2017-07-14T11:32:53Z,Scratching Tadic,4,1022,0,0,0,1,889203,Ian Hooper,138786069,down,74,1550,1618402,1621384,165977,NA,0,0,1037,3,1,376149,27,2,2018-02-10
376149,Ian,Hooper,241,England,EN,2154,253070,88,129128,80889,38,47,0,0,transfers,FALSE,FALSE,2017-07-14T11:32:53Z,Scratching Tadic,4,1022,0,0,0,1,889203,Ian Hooper,144618684,down,50,1600,2964469,2968049,183876,NA,2,0,1038,4,25,376149,28,2,2018-02-24
376149,Ian,Hooper,241,England,EN,2154,253070,88,129128,80889,38,47,0,0,transfers,FALSE,FALSE,2017-07-14T11:32:53Z,Scratching Tadic,4,1022,0,0,0,1,889203,Ian Hooper,150451299,down,46,1646,3023677,3027275,211302,NA,1,0,1038,5,23,376149,29,3,2018-03-03
376149,Ian,Hooper,241,England,EN,2154,253070,88,129128,80889,38,47,0,0,transfers,FALSE,FALSE,2017-07-14T11:32:53Z,Scratching Tadic,4,1022,0,0,0,1,889203,Ian Hooper,156283914,up,49,1695,1409793,1412056,178813,NA,1,0,1037,3,26,376149,30,3,2018-03-10
376149,Ian,Hooper,241,England,EN,2154,253070,88,129128,80889,38,47,0,0,transfers,FALSE,FALSE,2017-07-14T11:32:53Z,Scratching Tadic,4,1022,0,0,0,1,889203,Ian Hooper,162116529,up,91,1786,527896,529646,150946,NA,0,0,1039,0,26,376149,31,3,2018-03-17
376149,Ian,Hooper,241,England,EN,2154,253070,88,129128,80889,38,47,0,0,transfers,FALSE,FALSE,2017-07-14T11:32:53Z,Scratching Tadic,4,1022,0,0,0,1,889203,Ian Hooper,168014679,up,63,1849,610037,612007,129153,NA,2,0,1042,5,9,376149,32,2,2018-03-31
376149,Ian,Hooper,241,England,EN,2154,253070,88,129128,80889,38,47,0,0,transfers,FALSE,FALSE,2017-07-14T11:32:53Z,Scratching Tadic,4,1022,0,0,0,1,889203,Ian Hooper,173912829,down,30,1879,3426687,3429570,141513,NA,1,0,1039,2,3,376149,33,2,2018-04-07
376149,Ian,Hooper,241,England,EN,2154,253070,88,129128,80889,38,47,0,0,transfers,FALSE,FALSE,2017-07-14T11:32:53Z,Scratching Tadic,4,1022,0,0,0,1,889203,Ian Hooper,179810979,down,50,1929,4868948,4872085,236531,NA,0,0,1037,14,3,376149,34,3,2018-04-14
376149,Ian,Hooper,241,England,EN,2154,253070,88,129128,80889,38,47,0,0,transfers,FALSE,FALSE,2017-07-14T11:32:53Z,Scratching Tadic,4,1022,0,0,0,1,889203,Ian Hooper,185709129,up,41,1970,1279363,1280846,233078,NA,1,0,1034,0,10,376149,35,3,2018-04-21
376149,Ian,Hooper,241,England,EN,2154,253070,88,129128,80889,38,47,0,0,transfers,FALSE,FALSE,2017-07-14T11:32:53Z,Scratching Tadic,4,1022,0,0,0,1,889203,Ian Hooper,191607279,down,39,2005,4055523,4056595,290182,NA,2,4,1032,2,2,376149,36,3,2018-04-28
376149,Ian,Hooper,241,England,EN,2154,253070,88,129128,80889,38,47,0,0,transfers,FALSE,FALSE,2017-07-14T11:32:53Z,Scratching Tadic,4,1022,0,0,0,1,889203,Ian Hooper,197505429,down,61,2066,3635290,3640577,344097,NA,0,0,1030,19,2,376149,37,4,2018-05-04
376149,Ian,Hooper,241,England,EN,2154,253070,88,129128,80889,38,47,0,0,transfers,FALSE,FALSE,2017-07-14T11:32:53Z,Scratching Tadic,4,1022,0,0,0,1,889203,Ian Hooper,203469114,up,88,2154,129128,129682,253070,NA,2,0,1026,0,4,376149,38,4,2018-05-13
