id,player_first_name,player_last_name,player_region_id,player_region_name,player_region_short_iso,summary_overall_points,summary_overall_rank,summary_event_points,summary_event_rank,joined_seconds,current_event,total_transfers,total_loans,total_loans_active,transfers_or_loans,deleted,email,joined_time,name,bank,value,event_transfers,event_transfers_cost,extra_free_transfers,started_event,player,manager,id.1,movement,points,total_points,rank,rank_sort,overall_rank,targets,event_transfers.1,event_transfers_cost.1,value.1,points_on_bench,bank.1,entry,event,league_rank,gw_date
386429,Ben,Tremain,241,England,EN,2302,13739,68,884507,75178,38,43,0,0,transfers,FALSE,FALSE,2017-07-14T13:09:09Z,Gimme All Your Mane,0,1044,0,0,0,1,4850692,Ben Tremain,386429,new,69,69,957772,966792,957772,NA,0,0,1000,8,5,386429,1,5,2017-08-11
386429,Ben,Tremain,241,England,EN,2302,13739,68,884507,75178,38,43,0,0,transfers,FALSE,FALSE,2017-07-14T13:09:09Z,Gimme All Your Mane,0,1044,0,0,0,1,4850692,Ben Tremain,4318529,down,42,111,2536199,2541560,1314265,NA,1,0,1002,9,15,386429,2,2,2017-08-19
386429,Ben,Tremain,241,England,EN,2302,13739,68,884507,75178,38,43,0,0,transfers,FALSE,FALSE,2017-07-14T13:09:09Z,Gimme All Your Mane,0,1044,0,0,0,1,4850692,Ben Tremain,8840444,up,47,158,1572100,1576016,1138561,NA,0,0,1004,9,15,386429,3,2,2017-08-26
386429,Ben,Tremain,241,England,EN,2302,13739,68,884507,75178,38,43,0,0,transfers,FALSE,FALSE,2017-07-14T13:09:09Z,Gimme All Your Mane,0,1044,0,0,0,1,4850692,Ben Tremain,13558964,up,56,210,922829,923099,801616,NA,3,4,1005,7,32,386429,4,2,2017-09-09
386429,Ben,Tremain,241,England,EN,2302,13739,68,884507,75178,38,43,0,0,transfers,FALSE,FALSE,2017-07-14T13:09:09Z,Gimme All Your Mane,0,1044,0,0,0,1,4850692,Ben Tremain,18474089,down,39,249,4606746,4608883,1854006,NA,0,0,1008,5,0,386429,5,3,2017-09-15
386429,Ben,Tremain,241,England,EN,2302,13739,68,884507,75178,38,43,0,0,transfers,FALSE,FALSE,2017-07-14T13:09:09Z,Gimme All Your Mane,0,1044,0,0,0,1,4850692,Ben Tremain,23520284,up,89,334,94367,94818,882864,NA,2,4,1011,8,4,386429,6,3,2017-09-23
386429,Ben,Tremain,241,England,EN,2302,13739,68,884507,75178,38,43,0,0,transfers,FALSE,FALSE,2017-07-14T13:09:09Z,Gimme All Your Mane,0,1044,0,0,0,1,4850692,Ben Tremain,28632014,up,81,415,84095,84575,234369,NA,1,0,1017,7,1,386429,7,1,2017-09-30
386429,Ben,Tremain,241,England,EN,2302,13739,68,884507,75178,38,43,0,0,transfers,FALSE,FALSE,2017-07-14T13:09:09Z,Gimme All Your Mane,0,1044,0,0,0,1,4850692,Ben Tremain,33809279,up,62,473,299943,301005,121974,NA,2,4,1021,2,3,386429,8,1,2017-10-14
386429,Ben,Tremain,241,England,EN,2302,13739,68,884507,75178,38,43,0,0,transfers,FALSE,FALSE,2017-07-14T13:09:09Z,Gimme All Your Mane,0,1044,0,0,0,1,4850692,Ben Tremain,39052079,up,67,540,664682,667507,57374,NA,0,0,1024,4,3,386429,9,1,2017-10-20
386429,Ben,Tremain,241,England,EN,2302,13739,68,884507,75178,38,43,0,0,transfers,FALSE,FALSE,2017-07-14T13:09:09Z,Gimme All Your Mane,0,1044,0,0,0,1,4850692,Ben Tremain,44360414,down,27,567,5131026,5131627,209334,NA,2,0,1024,4,4,386429,10,1,2017-10-28
386429,Ben,Tremain,241,England,EN,2302,13739,68,884507,75178,38,43,0,0,transfers,FALSE,FALSE,2017-07-14T13:09:09Z,Gimme All Your Mane,0,1044,0,0,0,1,4850692,Ben Tremain,49668749,down,42,609,3031375,3035106,267841,NA,1,0,1023,9,14,386429,11,1,2017-11-04
386429,Ben,Tremain,241,England,EN,2302,13739,68,884507,75178,38,43,0,0,transfers,FALSE,FALSE,2017-07-14T13:09:09Z,Gimme All Your Mane,0,1044,0,0,0,1,4850692,Ben Tremain,55042619,down,52,661,3203498,3205844,409042,NA,1,0,1023,12,14,386429,12,2,2017-11-18
386429,Ben,Tremain,241,England,EN,2302,13739,68,884507,75178,38,43,0,0,transfers,FALSE,FALSE,2017-07-14T13:09:09Z,Gimme All Your Mane,0,1044,0,0,0,1,4850692,Ben Tremain,60416489,down,44,705,2511813,2515532,452178,NA,1,0,1022,6,3,386429,13,2,2017-11-24
386429,Ben,Tremain,241,England,EN,2302,13739,68,884507,75178,38,43,0,0,transfers,FALSE,FALSE,2017-07-14T13:09:09Z,Gimme All Your Mane,0,1044,0,0,0,1,4850692,Ben Tremain,65855894,up,52,757,1878711,1881908,416214,NA,1,0,1024,2,2,386429,14,2,2017-11-28
386429,Ben,Tremain,241,England,EN,2302,13739,68,884507,75178,38,43,0,0,transfers,FALSE,FALSE,2017-07-14T13:09:09Z,Gimme All Your Mane,0,1044,0,0,0,1,4850692,Ben Tremain,71295299,down,44,801,2695935,2699477,461021,NA,1,0,1027,5,3,386429,15,3,2017-12-02
386429,Ben,Tremain,241,England,EN,2302,13739,68,884507,75178,38,43,0,0,transfers,FALSE,FALSE,2017-07-14T13:09:09Z,Gimme All Your Mane,0,1044,0,0,0,1,4850692,Ben Tremain,76800239,up,68,865,194381,195382,298873,NA,2,4,1032,12,2,386429,16,3,2017-12-09
386429,Ben,Tremain,241,England,EN,2302,13739,68,884507,75178,38,43,0,0,transfers,FALSE,FALSE,2017-07-14T13:09:09Z,Gimme All Your Mane,0,1044,0,0,0,1,4850692,Ben Tremain,82305179,down,42,903,3826932,3830150,413472,NA,2,4,1033,5,20,386429,17,3,2017-12-12
386429,Ben,Tremain,241,England,EN,2302,13739,68,884507,75178,38,43,0,0,transfers,FALSE,FALSE,2017-07-14T13:09:09Z,Gimme All Your Mane,0,1044,0,0,0,1,4850692,Ben Tremain,87810119,up,75,978,324275,325485,251931,NA,1,0,1035,12,7,386429,18,2,2017-12-16
386429,Ben,Tremain,241,England,EN,2302,13739,68,884507,75178,38,43,0,0,transfers,FALSE,FALSE,2017-07-14T13:09:09Z,Gimme All Your Mane,0,1044,0,0,0,1,4850692,Ben Tremain,93380594,up,92,1070,159928,160953,129536,NA,1,0,1040,2,1,386429,19,1,2017-12-22
386429,Ben,Tremain,241,England,EN,2302,13739,68,884507,75178,38,43,0,0,transfers,FALSE,FALSE,2017-07-14T13:09:09Z,Gimme All Your Mane,0,1044,0,0,0,1,4850692,Ben Tremain,98951069,up,114,1184,10928,10989,36283,NA,1,0,1043,10,2,386429,20,1,2017-12-26
386429,Ben,Tremain,241,England,EN,2302,13739,68,884507,75178,38,43,0,0,transfers,FALSE,FALSE,2017-07-14T13:09:09Z,Gimme All Your Mane,0,1044,0,0,0,1,4850692,Ben Tremain,104587079,down,47,1231,2478001,2481964,50718,NA,0,0,1051,9,2,386429,21,1,2017-12-30
386429,Ben,Tremain,241,England,EN,2302,13739,68,884507,75178,38,43,0,0,transfers,FALSE,FALSE,2017-07-14T13:09:09Z,Gimme All Your Mane,0,1044,0,0,0,1,4850692,Ben Tremain,110223089,down,49,1276,2197405,2198655,63239,NA,3,4,1047,2,2,386429,22,1,2018-01-01
386429,Ben,Tremain,241,England,EN,2302,13739,68,884507,75178,38,43,0,0,transfers,FALSE,FALSE,2017-07-14T13:09:09Z,Gimme All Your Mane,0,1044,0,0,0,1,4850692,Ben Tremain,115859099,up,75,1351,707219,710633,55156,NA,0,0,1053,10,2,386429,23,2,2018-01-13
386429,Ben,Tremain,241,England,EN,2302,13739,68,884507,75178,38,43,0,0,transfers,FALSE,FALSE,2017-07-14T13:09:09Z,Gimme All Your Mane,0,1044,0,0,0,1,4850692,Ben Tremain,121560644,down,49,1400,2928585,2932137,67288,NA,1,0,1056,3,20,386429,24,1,2018-01-20
386429,Ben,Tremain,241,England,EN,2302,13739,68,884507,75178,38,43,0,0,transfers,FALSE,FALSE,2017-07-14T13:09:09Z,Gimme All Your Mane,0,1044,0,0,0,1,4850692,Ben Tremain,127262189,up,67,1467,351213,352258,44465,NA,2,0,1054,2,4,386429,25,1,2018-01-30
386429,Ben,Tremain,241,England,EN,2302,13739,68,884507,75178,38,43,0,0,transfers,FALSE,FALSE,2017-07-14T13:09:09Z,Gimme All Your Mane,0,1044,0,0,0,1,4850692,Ben Tremain,133029269,up,51,1518,1670361,1673274,42092,NA,1,0,1055,10,17,386429,26,1,2018-02-03
386429,Ben,Tremain,241,England,EN,2302,13739,68,884507,75178,38,43,0,0,transfers,FALSE,FALSE,2017-07-14T13:09:09Z,Gimme All Your Mane,0,1044,0,0,0,1,4850692,Ben Tremain,138796349,down,74,1592,1666618,1668812,54158,NA,1,0,1055,5,13,386429,27,1,2018-02-10
386429,Ben,Tremain,241,England,EN,2302,13739,68,884507,75178,38,43,0,0,transfers,FALSE,FALSE,2017-07-14T13:09:09Z,Gimme All Your Mane,0,1044,0,0,0,1,4850692,Ben Tremain,144628964,up,60,1652,987381,989884,46867,NA,1,0,1053,2,2,386429,28,2,2018-02-24
386429,Ben,Tremain,241,England,EN,2302,13739,68,884507,75178,38,43,0,0,transfers,FALSE,FALSE,2017-07-14T13:09:09Z,Gimme All Your Mane,0,1044,0,0,0,1,4850692,Ben Tremain,150461579,up,60,1712,494321,497367,38416,NA,0,0,1055,0,2,386429,29,1,2018-03-03
386429,Ben,Tremain,241,England,EN,2302,13739,68,884507,75178,38,43,0,0,transfers,FALSE,FALSE,2017-07-14T13:09:09Z,Gimme All Your Mane,0,1044,0,0,0,1,4850692,Ben Tremain,156294194,down,35,1747,3941446,3944655,47581,NA,1,0,1053,2,0,386429,30,1,2018-03-10
386429,Ben,Tremain,241,England,EN,2302,13739,68,884507,75178,38,43,0,0,transfers,FALSE,FALSE,2017-07-14T13:09:09Z,Gimme All Your Mane,0,1044,0,0,0,1,4850692,Ben Tremain,162126809,down,78,1825,1084161,1085773,60270,NA,2,0,1051,0,1,386429,31,2,2018-03-17
386429,Ben,Tremain,241,England,EN,2302,13739,68,884507,75178,38,43,0,0,transfers,FALSE,FALSE,2017-07-14T13:09:09Z,Gimme All Your Mane,0,1044,0,0,0,1,4850692,Ben Tremain,168024959,up,59,1884,934555,938562,56757,NA,0,0,1042,3,16,386429,32,2,2018-03-31
386429,Ben,Tremain,241,England,EN,2302,13739,68,884507,75178,38,43,0,0,transfers,FALSE,FALSE,2017-07-14T13:09:09Z,Gimme All Your Mane,0,1044,0,0,0,1,4850692,Ben Tremain,173923109,up,59,1943,107803,108038,29995,NA,1,0,1046,3,0,386429,33,2,2018-04-07
386429,Ben,Tremain,241,England,EN,2302,13739,68,884507,75178,38,43,0,0,transfers,FALSE,FALSE,2017-07-14T13:09:09Z,Gimme All Your Mane,0,1044,0,0,0,1,4850692,Ben Tremain,179821259,up,96,2035,150271,151187,23183,NA,2,4,1043,0,0,386429,34,2,2018-04-14
386429,Ben,Tremain,241,England,EN,2302,13739,68,884507,75178,38,43,0,0,transfers,FALSE,FALSE,2017-07-14T13:09:09Z,Gimme All Your Mane,0,1044,0,0,0,1,4850692,Ben Tremain,185719409,up,73,2108,19062,20264,11870,NA,0,0,1043,10,0,386429,35,1,2018-04-21
386429,Ben,Tremain,241,England,EN,2302,13739,68,884507,75178,38,43,0,0,transfers,FALSE,FALSE,2017-07-14T13:09:09Z,Gimme All Your Mane,0,1044,0,0,0,1,4850692,Ben Tremain,191617559,down,52,2156,1489311,1491235,12946,NA,2,4,1044,16,17,386429,36,2,2018-04-28
386429,Ben,Tremain,241,England,EN,2302,13739,68,884507,75178,38,43,0,0,transfers,FALSE,FALSE,2017-07-14T13:09:09Z,Gimme All Your Mane,0,1044,0,0,0,1,4850692,Ben Tremain,197515709,down,82,2234,987872,989377,13212,NA,2,4,1041,13,0,386429,37,2,2018-05-04
386429,Ben,Tremain,241,England,EN,2302,13739,68,884507,75178,38,43,0,0,transfers,FALSE,FALSE,2017-07-14T13:09:09Z,Gimme All Your Mane,0,1044,0,0,0,1,4850692,Ben Tremain,203479394,down,68,2302,884507,886519,13739,NA,1,0,1044,0,0,386429,38,2,2018-05-13
1324461,Corinne,Greaves,241,England,EN,2323,7458,78,365046,65988,38,34,0,0,transfers,FALSE,FALSE,2017-07-28T15:42:19Z,Deportivo La Corinna,13,1013,0,0,0,1,2091742,Corinne Greaves,1324461,new,72,72,727830,754839,727830,NA,0,0,1000,2,0,1324461,1,3,2017-08-11
1324461,Corinne,Greaves,241,England,EN,2323,7458,78,365046,65988,38,34,0,0,transfers,FALSE,FALSE,2017-07-28T15:42:19Z,Deportivo La Corinna,13,1013,0,0,0,1,2091742,Corinne Greaves,5256561,down,32,104,3736906,3749279,1741880,NA,0,0,1003,4,0,1324461,2,4,2017-08-19
1324461,Corinne,Greaves,241,England,EN,2323,7458,78,365046,65988,38,34,0,0,transfers,FALSE,FALSE,2017-07-28T15:42:19Z,Deportivo La Corinna,13,1013,0,0,0,1,2091742,Corinne Greaves,9778476,down,36,140,3484458,3492477,2174540,NA,2,0,1002,16,0,1324461,3,7,2017-08-26
1324461,Corinne,Greaves,241,England,EN,2323,7458,78,365046,65988,38,34,0,0,transfers,FALSE,FALSE,2017-07-28T15:42:19Z,Deportivo La Corinna,13,1013,0,0,0,1,2091742,Corinne Greaves,14496996,down,43,183,2601613,2621844,2291502,NA,0,0,999,9,0,1324461,4,4,2017-09-09
1324461,Corinne,Greaves,241,England,EN,2323,7458,78,365046,65988,38,34,0,0,transfers,FALSE,FALSE,2017-07-28T15:42:19Z,Deportivo La Corinna,13,1013,0,0,0,1,2091742,Corinne Greaves,19412121,down,53,236,3285327,3292780,2474980,NA,2,0,999,16,5,1324461,5,4,2017-09-15
1324461,Corinne,Greaves,241,England,EN,2323,7458,78,365046,65988,38,34,0,0,transfers,FALSE,FALSE,2017-07-28T15:42:19Z,Deportivo La Corinna,13,1013,0,0,0,1,2091742,Corinne Greaves,24458316,up,66,302,1832008,1842711,2232764,NA,1,0,999,10,13,1324461,6,5,2017-09-23
1324461,Corinne,Greaves,241,England,EN,2323,7458,78,365046,65988,38,34,0,0,transfers,FALSE,FALSE,2017-07-28T15:42:19Z,Deportivo La Corinna,13,1013,0,0,0,1,2091742,Corinne Greaves,29570046,up,68,370,560706,566651,1541785,NA,1,0,1003,14,5,1324461,7,4,2017-09-30
1324461,Corinne,Greaves,241,England,EN,2323,7458,78,365046,65988,38,34,0,0,transfers,FALSE,FALSE,2017-07-28T15:42:19Z,Deportivo La Corinna,13,1013,0,0,0,1,2091742,Corinne Greaves,34747311,down,39,409,2837122,2857655,1650719,NA,0,0,1002,3,5,1324461,8,4,2017-10-14
1324461,Corinne,Greaves,241,England,EN,2323,7458,78,365046,65988,38,34,0,0,transfers,FALSE,FALSE,2017-07-28T15:42:19Z,Deportivo La Corinna,13,1013,0,0,0,1,2091742,Corinne Greaves,39990111,up,80,489,110798,113939,749017,NA,0,0,1001,7,5,1324461,9,4,2017-10-20
1324461,Corinne,Greaves,241,England,EN,2323,7458,78,365046,65988,38,34,0,0,transfers,FALSE,FALSE,2017-07-28T15:42:19Z,Deportivo La Corinna,13,1013,0,0,0,1,2091742,Corinne Greaves,45298446,down,40,529,3790321,3799970,926817,NA,2,0,998,2,16,1324461,10,4,2017-10-28
1324461,Corinne,Greaves,241,England,EN,2323,7458,78,365046,65988,38,34,0,0,transfers,FALSE,FALSE,2017-07-28T15:42:19Z,Deportivo La Corinna,13,1013,0,0,0,1,2091742,Corinne Greaves,50606781,up,52,581,1279225,1294791,760989,NA,0,0,1000,3,16,1324461,11,4,2017-11-04
1324461,Corinne,Greaves,241,England,EN,2323,7458,78,365046,65988,38,34,0,0,transfers,FALSE,FALSE,2017-07-28T15:42:19Z,Deportivo La Corinna,13,1013,0,0,0,1,2091742,Corinne Greaves,55980651,up,94,675,33753,34322,236787,NA,2,0,1003,3,28,1324461,12,1,2017-11-18
1324461,Corinne,Greaves,241,England,EN,2323,7458,78,365046,65988,38,34,0,0,transfers,FALSE,FALSE,2017-07-28T15:42:19Z,Deportivo La Corinna,13,1013,0,0,0,1,2091742,Corinne Greaves,61354521,up,56,731,544905,555757,169638,NA,0,0,1003,3,28,1324461,13,1,2017-11-24
1324461,Corinne,Greaves,241,England,EN,2323,7458,78,365046,65988,38,34,0,0,transfers,FALSE,FALSE,2017-07-28T15:42:19Z,Deportivo La Corinna,13,1013,0,0,0,1,2091742,Corinne Greaves,66793926,up,51,782,2067386,2074910,166312,NA,2,0,1007,3,0,1324461,14,1,2017-11-28
1324461,Corinne,Greaves,241,England,EN,2323,7458,78,365046,65988,38,34,0,0,transfers,FALSE,FALSE,2017-07-28T15:42:19Z,Deportivo La Corinna,13,1013,0,0,0,1,2091742,Corinne Greaves,72233331,down,47,829,2056807,2077117,176942,NA,0,0,1010,9,0,1324461,15,1,2017-12-02
1324461,Corinne,Greaves,241,England,EN,2323,7458,78,365046,65988,38,34,0,0,transfers,FALSE,FALSE,2017-07-28T15:42:19Z,Deportivo La Corinna,13,1013,0,0,0,1,2091742,Corinne Greaves,77738271,up,63,892,434875,440952,111042,NA,1,0,1014,10,8,1324461,16,1,2017-12-09
1324461,Corinne,Greaves,241,England,EN,2323,7458,78,365046,65988,38,34,0,0,transfers,FALSE,FALSE,2017-07-28T15:42:19Z,Deportivo La Corinna,13,1013,0,0,0,1,2091742,Corinne Greaves,83243211,down,35,927,4818755,4823570,191493,NA,2,0,1016,10,2,1324461,17,1,2017-12-12
1324461,Corinne,Greaves,241,England,EN,2323,7458,78,365046,65988,38,34,0,0,transfers,FALSE,FALSE,2017-07-28T15:42:19Z,Deportivo La Corinna,13,1013,0,0,0,1,2091742,Corinne Greaves,88748151,down,54,981,2490535,2500077,226933,NA,1,0,1016,7,5,1324461,18,1,2017-12-16
1324461,Corinne,Greaves,241,England,EN,2323,7458,78,365046,65988,38,34,0,0,transfers,FALSE,FALSE,2017-07-28T15:42:19Z,Deportivo La Corinna,13,1013,0,0,0,1,2091742,Corinne Greaves,94318626,up,80,1061,743372,750637,171361,NA,0,0,1016,3,5,1324461,19,2,2017-12-22
1324461,Corinne,Greaves,241,England,EN,2323,7458,78,365046,65988,38,34,0,0,transfers,FALSE,FALSE,2017-07-28T15:42:19Z,Deportivo La Corinna,13,1013,0,0,0,1,2091742,Corinne Greaves,99889101,up,101,1162,100471,101613,79971,NA,2,0,1018,5,13,1324461,20,2,2017-12-26
1324461,Corinne,Greaves,241,England,EN,2323,7458,78,365046,65988,38,34,0,0,transfers,FALSE,FALSE,2017-07-28T15:42:19Z,Deportivo La Corinna,13,1013,0,0,0,1,2091742,Corinne Greaves,105525111,up,60,1222,877619,886975,68126,NA,0,0,1015,0,11,1324461,21,2,2017-12-30
1324461,Corinne,Greaves,241,England,EN,2323,7458,78,365046,65988,38,34,0,0,transfers,FALSE,FALSE,2017-07-28T15:42:19Z,Deportivo La Corinna,13,1013,0,0,0,1,2091742,Corinne Greaves,111161121,up,53,1275,1541812,1546481,64266,NA,1,0,1014,7,7,1324461,22,2,2018-01-01
1324461,Corinne,Greaves,241,England,EN,2323,7458,78,365046,65988,38,34,0,0,transfers,FALSE,FALSE,2017-07-28T15:42:19Z,Deportivo La Corinna,13,1013,0,0,0,1,2091742,Corinne Greaves,116797131,up,77,1352,553813,563208,52594,NA,0,0,1019,3,7,1324461,23,1,2018-01-13
1324461,Corinne,Greaves,241,England,EN,2323,7458,78,365046,65988,38,34,0,0,transfers,FALSE,FALSE,2017-07-28T15:42:19Z,Deportivo La Corinna,13,1013,0,0,0,1,2091742,Corinne Greaves,122498676,down,45,1397,3726715,3733941,72799,NA,2,0,1023,3,1,1324461,24,2,2018-01-20
1324461,Corinne,Greaves,241,England,EN,2323,7458,78,365046,65988,38,34,0,0,transfers,FALSE,FALSE,2017-07-28T15:42:19Z,Deportivo La Corinna,13,1013,0,0,0,1,2091742,Corinne Greaves,128200221,up,69,1466,247050,250109,45180,NA,1,0,1018,12,10,1324461,25,2,2018-01-30
1324461,Corinne,Greaves,241,England,EN,2323,7458,78,365046,65988,38,34,0,0,transfers,FALSE,FALSE,2017-07-28T15:42:19Z,Deportivo La Corinna,13,1013,0,0,0,1,2091742,Corinne Greaves,133967301,down,44,1510,2751414,2761045,53682,NA,1,0,1020,7,4,1324461,26,2,2018-02-03
1324461,Corinne,Greaves,241,England,EN,2323,7458,78,365046,65988,38,34,0,0,transfers,FALSE,FALSE,2017-07-28T15:42:19Z,Deportivo La Corinna,13,1013,0,0,0,1,2091742,Corinne Greaves,139734381,down,76,1586,1446241,1456230,63674,NA,0,0,1020,11,4,1324461,27,2,2018-02-10
1324461,Corinne,Greaves,241,England,EN,2323,7458,78,365046,65988,38,34,0,0,transfers,FALSE,FALSE,2017-07-28T15:42:19Z,Deportivo La Corinna,13,1013,0,0,0,1,2091742,Corinne Greaves,145566996,up,67,1653,321807,324531,44921,NA,2,0,1021,13,18,1324461,28,1,2018-02-24
1324461,Corinne,Greaves,241,England,EN,2323,7458,78,365046,65988,38,34,0,0,transfers,FALSE,FALSE,2017-07-28T15:42:19Z,Deportivo La Corinna,13,1013,0,0,0,1,2091742,Corinne Greaves,151399611,down,52,1705,1683077,1695789,46904,NA,1,0,1026,4,9,1324461,29,2,2018-03-03
1324461,Corinne,Greaves,241,England,EN,2323,7458,78,365046,65988,38,34,0,0,transfers,FALSE,FALSE,2017-07-28T15:42:19Z,Deportivo La Corinna,13,1013,0,0,0,1,2091742,Corinne Greaves,157232226,down,35,1740,3941446,3950810,57770,NA,1,0,1026,4,8,1324461,30,2,2018-03-10
1324461,Corinne,Greaves,241,England,EN,2323,7458,78,365046,65988,38,34,0,0,transfers,FALSE,FALSE,2017-07-28T15:42:19Z,Deportivo La Corinna,13,1013,0,0,0,1,2091742,Corinne Greaves,163064841,up,101,1841,241339,247604,38530,NA,0,0,1028,12,8,1324461,31,1,2018-03-17
1324461,Corinne,Greaves,241,England,EN,2323,7458,78,365046,65988,38,34,0,0,transfers,FALSE,FALSE,2017-07-28T15:42:19Z,Deportivo La Corinna,13,1013,0,0,0,1,2091742,Corinne Greaves,168962991,up,58,1899,1055078,1070393,37612,NA,0,0,1029,5,8,1324461,32,1,2018-03-31
1324461,Corinne,Greaves,241,England,EN,2323,7458,78,365046,65988,38,34,0,0,transfers,FALSE,FALSE,2017-07-28T15:42:19Z,Deportivo La Corinna,13,1013,0,0,0,1,2091742,Corinne Greaves,174861141,up,50,1949,432266,434708,24782,NA,2,0,1025,1,9,1324461,33,1,2018-04-07
1324461,Corinne,Greaves,241,England,EN,2323,7458,78,365046,65988,38,34,0,0,transfers,FALSE,FALSE,2017-07-28T15:42:19Z,Deportivo La Corinna,13,1013,0,0,0,1,2091742,Corinne Greaves,180759291,up,103,2048,60624,61784,15675,NA,2,4,1025,0,7,1324461,34,1,2018-04-14
1324461,Corinne,Greaves,241,England,EN,2323,7458,78,365046,65988,38,34,0,0,transfers,FALSE,FALSE,2017-07-28T15:42:19Z,Deportivo La Corinna,13,1013,0,0,0,1,2091742,Corinne Greaves,186657441,up,57,2105,221496,225734,12726,NA,0,0,1023,15,0,1324461,35,2,2018-04-21
1324461,Corinne,Greaves,241,England,EN,2323,7458,78,365046,65988,38,34,0,0,transfers,FALSE,FALSE,2017-07-28T15:42:19Z,Deportivo La Corinna,13,1013,0,0,0,1,2091742,Corinne Greaves,192555591,up,57,2162,740796,757248,10763,NA,0,0,1029,8,0,1324461,36,1,2018-04-28
1324461,Corinne,Greaves,241,England,EN,2323,7458,78,365046,65988,38,34,0,0,transfers,FALSE,FALSE,2017-07-28T15:42:19Z,Deportivo La Corinna,13,1013,0,0,0,1,2091742,Corinne Greaves,198453741,up,83,2245,908182,912292,9497,NA,2,0,1023,7,4,1324461,37,1,2018-05-04
1324461,Corinne,Greaves,241,England,EN,2323,7458,78,365046,65988,38,34,0,0,transfers,FALSE,FALSE,2017-07-28T15:42:19Z,Deportivo La Corinna,13,1013,0,0,0,1,2091742,Corinne Greaves,204417426,up,78,2323,365046,368688,7458,NA,1,0,1026,2,13,1324461,38,1,2018-05-13
378067,Tom,Constant,241,England,EN,2165,215085,61,1507019,79823,38,33,0,0,transfers,FALSE,TRUE,2017-07-14T11:51:44Z,Constorm FC,8,1011,0,0,0,1,14898329,Tom Constant,378067,new,70,70,877855,886585,877855,NA,0,0,1000,5,0,378067,1,4,2017-08-11
378067,Tom,Constant,241,England,EN,2165,215085,61,1507019,79823,38,33,0,0,transfers,FALSE,TRUE,2017-07-14T11:51:44Z,Constorm FC,8,1011,0,0,0,1,14898329,Tom Constant,4310167,down,33,103,3684966,3689358,1836527,NA,1,0,1001,2,5,378067,2,5,2017-08-19
378067,Tom,Constant,241,England,EN,2165,215085,61,1507019,79823,38,33,0,0,transfers,FALSE,TRUE,2017-07-14T11:51:44Z,Constorm FC,8,1011,0,0,0,1,14898329,Tom Constant,8832082,up,49,152,1365469,1369338,1477964,NA,1,0,1003,2,24,378067,3,3,2017-08-26
378067,Tom,Constant,241,England,EN,2165,215085,61,1507019,79823,38,33,0,0,transfers,FALSE,TRUE,2017-07-14T11:51:44Z,Constorm FC,8,1011,0,0,0,1,14898329,Tom Constant,13550602,up,48,200,1901715,1905625,1303544,NA,1,0,1003,3,19,378067,4,3,2017-09-09
378067,Tom,Constant,241,England,EN,2165,215085,61,1507019,79823,38,33,0,0,transfers,FALSE,TRUE,2017-07-14T11:51:44Z,Constorm FC,8,1011,0,0,0,1,14898329,Tom Constant,18465727,up,65,265,1607870,1610832,1104536,NA,1,0,1000,1,18,378067,5,2,2017-09-15
378067,Tom,Constant,241,England,EN,2165,215085,61,1507019,79823,38,33,0,0,transfers,FALSE,TRUE,2017-07-14T11:51:44Z,Constorm FC,8,1011,0,0,0,1,14898329,Tom Constant,23511922,up,73,338,959907,962772,737890,NA,1,0,1004,4,1,378067,6,2,2017-09-23
378067,Tom,Constant,241,England,EN,2165,215085,61,1507019,79823,38,33,0,0,transfers,FALSE,TRUE,2017-07-14T11:51:44Z,Constorm FC,8,1011,0,0,0,1,14898329,Tom Constant,28623652,up,61,399,1127544,1130564,539416,NA,0,0,1007,8,1,378067,7,2,2017-09-30
378067,Tom,Constant,241,England,EN,2165,215085,61,1507019,79823,38,33,0,0,transfers,FALSE,TRUE,2017-07-14T11:51:44Z,Constorm FC,8,1011,0,0,0,1,14898329,Tom Constant,33800917,down,36,435,3392137,3397183,765539,NA,0,0,1009,5,1,378067,8,3,2017-10-14
378067,Tom,Constant,241,England,EN,2165,215085,61,1507019,79823,38,33,0,0,transfers,FALSE,TRUE,2017-07-14T11:51:44Z,Constorm FC,8,1011,0,0,0,1,14898329,Tom Constant,39043717,up,89,524,18158,18311,150970,NA,0,0,1010,3,1,378067,9,2,2017-10-20
378067,Tom,Constant,241,England,EN,2165,215085,61,1507019,79823,38,33,0,0,transfers,FALSE,TRUE,2017-07-14T11:51:44Z,Constorm FC,8,1011,0,0,0,1,14898329,Tom Constant,44352052,down,38,562,4117368,4119999,260507,NA,2,0,1009,2,1,378067,10,2,2017-10-28
378067,Tom,Constant,241,England,EN,2165,215085,61,1507019,79823,38,33,0,0,transfers,FALSE,TRUE,2017-07-14T11:51:44Z,Constorm FC,8,1011,0,0,0,1,14898329,Tom Constant,49660387,down,32,594,4522524,4526116,485202,NA,0,0,1009,3,1,378067,11,2,2017-11-04
378067,Tom,Constant,241,England,EN,2165,215085,61,1507019,79823,38,33,0,0,transfers,FALSE,TRUE,2017-07-14T11:51:44Z,Constorm FC,8,1011,0,0,0,1,14898329,Tom Constant,55034257,up,62,656,1842332,1844871,478342,NA,2,0,1007,16,0,378067,12,3,2017-11-18
378067,Tom,Constant,241,England,EN,2165,215085,61,1507019,79823,38,33,0,0,transfers,FALSE,TRUE,2017-07-14T11:51:44Z,Constorm FC,8,1011,0,0,0,1,14898329,Tom Constant,60408127,down,43,699,2586516,2592569,537868,NA,0,0,1005,13,0,378067,13,3,2017-11-24
378067,Tom,Constant,241,England,EN,2165,215085,61,1507019,79823,38,33,0,0,transfers,FALSE,TRUE,2017-07-14T11:51:44Z,Constorm FC,8,1011,0,0,0,1,14898329,Tom Constant,65847532,up,51,750,1933000,1938194,508738,NA,0,0,1010,6,0,378067,14,3,2017-11-28
378067,Tom,Constant,241,England,EN,2165,215085,61,1507019,79823,38,33,0,0,transfers,FALSE,TRUE,2017-07-14T11:51:44Z,Constorm FC,8,1011,0,0,0,1,14898329,Tom Constant,71286937,up,67,817,263801,264624,273189,NA,2,0,1012,4,8,378067,15,2,2017-12-02
378067,Tom,Constant,241,England,EN,2165,215085,61,1507019,79823,38,33,0,0,transfers,FALSE,TRUE,2017-07-14T11:51:44Z,Constorm FC,8,1011,0,0,0,1,14898329,Tom Constant,76791877,up,58,875,851744,854591,210527,NA,1,0,1018,11,3,378067,16,2,2017-12-09
378067,Tom,Constant,241,England,EN,2165,215085,61,1507019,79823,38,33,0,0,transfers,FALSE,TRUE,2017-07-14T11:51:44Z,Constorm FC,8,1011,0,0,0,1,14898329,Tom Constant,82296817,down,36,911,4691238,4693378,322103,NA,1,0,1020,4,1,378067,17,2,2017-12-12
378067,Tom,Constant,241,England,EN,2165,215085,61,1507019,79823,38,33,0,0,transfers,FALSE,TRUE,2017-07-14T11:51:44Z,Constorm FC,8,1011,0,0,0,1,14898329,Tom Constant,87801757,down,52,963,2693776,2698687,384090,NA,0,0,1019,5,1,378067,18,3,2017-12-16
378067,Tom,Constant,241,England,EN,2165,215085,61,1507019,79823,38,33,0,0,transfers,FALSE,TRUE,2017-07-14T11:51:44Z,Constorm FC,8,1011,0,0,0,1,14898329,Tom Constant,93372232,down,62,1025,2563935,2566855,462668,NA,0,0,1019,3,1,378067,19,3,2017-12-22
378067,Tom,Constant,241,England,EN,2165,215085,61,1507019,79823,38,33,0,0,transfers,FALSE,TRUE,2017-07-14T11:51:44Z,Constorm FC,8,1011,0,0,0,1,14898329,Tom Constant,98942707,up,88,1109,524422,524823,364811,NA,3,4,1017,2,1,378067,20,3,2017-12-26
378067,Tom,Constant,241,England,EN,2165,215085,61,1507019,79823,38,33,0,0,transfers,FALSE,TRUE,2017-07-14T11:51:44Z,Constorm FC,8,1011,0,0,0,1,14898329,Tom Constant,104578717,up,60,1169,923184,925640,310092,NA,1,0,1022,9,4,378067,21,3,2017-12-30
378067,Tom,Constant,241,England,EN,2165,215085,61,1507019,79823,38,33,0,0,transfers,FALSE,TRUE,2017-07-14T11:51:44Z,Constorm FC,8,1011,0,0,0,1,14898329,Tom Constant,110214727,down,41,1210,3568889,3570322,372490,NA,1,0,1020,4,1,378067,22,3,2018-01-01
378067,Tom,Constant,241,England,EN,2165,215085,61,1507019,79823,38,33,0,0,transfers,FALSE,TRUE,2017-07-14T11:51:44Z,Constorm FC,8,1011,0,0,0,1,14898329,Tom Constant,115850737,up,70,1280,1271534,1274061,353449,NA,1,0,1024,3,2,378067,23,3,2018-01-13
378067,Tom,Constant,241,England,EN,2165,215085,61,1507019,79823,38,33,0,0,transfers,FALSE,TRUE,2017-07-14T11:51:44Z,Constorm FC,8,1011,0,0,0,1,14898329,Tom Constant,121552282,up,56,1336,1647975,1652139,339439,NA,0,0,1024,4,2,378067,24,3,2018-01-20
378067,Tom,Constant,241,England,EN,2165,215085,61,1507019,79823,38,33,0,0,transfers,FALSE,TRUE,2017-07-14T11:51:44Z,Constorm FC,8,1011,0,0,0,1,14898329,Tom Constant,127253827,down,53,1389,1793782,1799164,339991,NA,0,0,1025,12,2,378067,25,3,2018-01-30
378067,Tom,Constant,241,England,EN,2165,215085,61,1507019,79823,38,33,0,0,transfers,FALSE,TRUE,2017-07-14T11:51:44Z,Constorm FC,8,1011,0,0,0,1,14898329,Tom Constant,133020907,up,60,1449,662381,663499,268367,NA,2,0,1024,13,0,378067,26,3,2018-02-03
378067,Tom,Constant,241,England,EN,2165,215085,61,1507019,79823,38,33,0,0,transfers,FALSE,TRUE,2017-07-14T11:51:44Z,Constorm FC,8,1011,0,0,0,1,14898329,Tom Constant,138787987,up,86,1535,730993,733137,229514,NA,0,0,1027,7,0,378067,27,3,2018-02-10
378067,Tom,Constant,241,England,EN,2165,215085,61,1507019,79823,38,33,0,0,transfers,FALSE,TRUE,2017-07-14T11:51:44Z,Constorm FC,8,1011,0,0,0,1,14898329,Tom Constant,144620602,up,56,1591,1687742,1691313,220864,NA,2,0,1028,11,1,378067,28,3,2018-02-24
378067,Tom,Constant,241,England,EN,2165,215085,61,1507019,79823,38,33,0,0,transfers,FALSE,TRUE,2017-07-14T11:51:44Z,Constorm FC,8,1011,0,0,0,1,14898329,Tom Constant,150453217,up,60,1651,494321,497297,187157,NA,0,0,1029,5,1,378067,29,3,2018-03-03
378067,Tom,Constant,241,England,EN,2165,215085,61,1507019,79823,38,33,0,0,transfers,FALSE,TRUE,2017-07-14T11:51:44Z,Constorm FC,8,1011,0,0,0,1,14898329,Tom Constant,156285832,up,47,1698,1699337,1702045,164876,NA,1,0,1028,10,0,378067,30,3,2018-03-10
378067,Tom,Constant,241,England,EN,2165,215085,61,1507019,79823,38,33,0,0,transfers,FALSE,TRUE,2017-07-14T11:51:44Z,Constorm FC,8,1011,0,0,0,1,14898329,Tom Constant,162118447,up,92,1790,495489,497368,136860,NA,0,0,1028,12,0,378067,31,3,2018-03-17
378067,Tom,Constant,241,England,EN,2165,215085,61,1507019,79823,38,33,0,0,transfers,FALSE,TRUE,2017-07-14T11:51:44Z,Constorm FC,8,1011,0,0,0,1,14898329,Tom Constant,168016597,down,46,1836,3180275,3186514,165514,NA,0,0,1026,6,10,378067,32,3,2018-03-31
378067,Tom,Constant,241,England,EN,2165,215085,61,1507019,79823,38,33,0,0,transfers,FALSE,TRUE,2017-07-14T11:51:44Z,Constorm FC,8,1011,0,0,0,1,14898329,Tom Constant,173914747,down,31,1867,3204626,3207423,176641,NA,1,0,1025,4,27,378067,33,3,2018-04-07
378067,Tom,Constant,241,England,EN,2165,215085,61,1507019,79823,38,33,0,0,transfers,FALSE,TRUE,2017-07-14T11:51:44Z,Constorm FC,8,1011,0,0,0,1,14898329,Tom Constant,179812897,up,92,1951,250309,251029,159387,NA,3,8,1022,0,4,378067,34,3,2018-04-14
378067,Tom,Constant,241,England,EN,2165,215085,61,1507019,79823,38,33,0,0,transfers,FALSE,TRUE,2017-07-14T11:51:44Z,Constorm FC,8,1011,0,0,0,1,14898329,Tom Constant,185711047,down,36,1987,1935319,1936851,175123,NA,1,0,1024,0,20,378067,35,3,2018-04-21
378067,Tom,Constant,241,England,EN,2165,215085,61,1507019,79823,38,33,0,0,transfers,FALSE,TRUE,2017-07-14T11:51:44Z,Constorm FC,8,1011,0,0,0,1,14898329,Tom Constant,191609197,down,46,2033,2420609,2429081,187580,NA,0,0,1027,8,20,378067,36,3,2018-04-28
378067,Tom,Constant,241,England,EN,2165,215085,61,1507019,79823,38,33,0,0,transfers,FALSE,TRUE,2017-07-14T11:51:44Z,Constorm FC,8,1011,0,0,0,1,14898329,Tom Constant,197507347,up,75,2108,1707751,1709328,187040,NA,2,0,1019,10,2,378067,37,4,2018-05-04
378067,Tom,Constant,241,England,EN,2165,215085,61,1507019,79823,38,33,0,0,transfers,FALSE,TRUE,2017-07-14T11:51:44Z,Constorm FC,8,1011,0,0,0,1,14898329,Tom Constant,203471032,down,61,2165,1507019,1508585,215085,NA,2,4,1019,7,8,378067,38,4,2018-05-13
843758,John,Greaves,241,England,EN,2193,140014,77,402176,75367,38,39,0,0,transfers,FALSE,FALSE,2017-07-21T13:06:00Z,Bayern Laggerkeusen,1,1004,0,0,0,1,2263227,John Greaves,843758,new,46,46,3006206,3020630,3006206,NA,0,0,1000,4,0,843758,1,7,2017-08-11
843758,John,Greaves,241,England,EN,2193,140014,77,402176,75367,38,39,0,0,transfers,FALSE,FALSE,2017-07-21T13:06:00Z,Bayern Laggerkeusen,1,1004,0,0,0,1,2263227,John Greaves,4775858,up,43,89,2394569,2405774,2728886,NA,1,0,1002,11,20,843758,2,7,2017-08-19
843758,John,Greaves,241,England,EN,2193,140014,77,402176,75367,38,39,0,0,transfers,FALSE,FALSE,2017-07-21T13:06:00Z,Bayern Laggerkeusen,1,1004,0,0,0,1,2263227,John Greaves,9297773,down,45,130,1985760,1992419,2731437,NA,2,4,1001,8,9,843758,3,8,2017-08-26
843758,John,Greaves,241,England,EN,2193,140014,77,402176,75367,38,39,0,0,transfers,FALSE,FALSE,2017-07-21T13:06:00Z,Bayern Laggerkeusen,1,1004,0,0,0,1,2263227,John Greaves,14016293,down,25,155,4711067,4712912,3536986,NA,1,0,1001,4,5,843758,4,9,2017-09-09
843758,John,Greaves,241,England,EN,2193,140014,77,402176,75367,38,39,0,0,transfers,FALSE,FALSE,2017-07-21T13:06:00Z,Bayern Laggerkeusen,1,1004,0,0,0,1,2263227,John Greaves,18931418,up,69,224,1142204,1147596,3005863,NA,1,0,1000,3,4,843758,5,8,2017-09-15
843758,John,Greaves,241,England,EN,2193,140014,77,402176,75367,38,39,0,0,transfers,FALSE,FALSE,2017-07-21T13:06:00Z,Bayern Laggerkeusen,1,1004,0,0,0,1,2263227,John Greaves,23977613,down,50,270,4030734,4033123,3450505,NA,2,4,996,7,5,843758,6,9,2017-09-23
843758,John,Greaves,241,England,EN,2193,140014,77,402176,75367,38,39,0,0,transfers,FALSE,FALSE,2017-07-21T13:06:00Z,Bayern Laggerkeusen,1,1004,0,0,0,1,2263227,John Greaves,29089343,up,49,319,2748105,2757719,3423188,NA,0,0,996,12,5,843758,7,9,2017-09-30
843758,John,Greaves,241,England,EN,2193,140014,77,402176,75367,38,39,0,0,transfers,FALSE,FALSE,2017-07-21T13:06:00Z,Bayern Laggerkeusen,1,1004,0,0,0,1,2263227,John Greaves,34266608,up,50,369,1218565,1223391,3094212,NA,2,0,994,9,23,843758,8,8,2017-10-14
843758,John,Greaves,241,England,EN,2193,140014,77,402176,75367,38,39,0,0,transfers,FALSE,FALSE,2017-07-21T13:06:00Z,Bayern Laggerkeusen,1,1004,0,0,0,1,2263227,John Greaves,39509408,up,54,423,1923307,1932890,2933241,NA,0,0,994,10,23,843758,9,8,2017-10-20
843758,John,Greaves,241,England,EN,2193,140014,77,402176,75367,38,39,0,0,transfers,FALSE,FALSE,2017-07-21T13:06:00Z,Bayern Laggerkeusen,1,1004,0,0,0,1,2263227,John Greaves,44817743,down,44,463,3085070,3087789,3042541,NA,3,4,993,5,23,843758,10,8,2017-10-28
843758,John,Greaves,241,England,EN,2193,140014,77,402176,75367,38,39,0,0,transfers,FALSE,FALSE,2017-07-21T13:06:00Z,Bayern Laggerkeusen,1,1004,0,0,0,1,2263227,John Greaves,50126078,up,68,531,161176,162630,2289298,NA,1,0,994,0,21,843758,11,7,2017-11-04
843758,John,Greaves,241,England,EN,2193,140014,77,402176,75367,38,39,0,0,transfers,FALSE,FALSE,2017-07-21T13:06:00Z,Bayern Laggerkeusen,1,1004,0,0,0,1,2263227,John Greaves,55499948,up,81,608,277080,279430,1624144,NA,2,4,995,14,25,843758,12,7,2017-11-18
843758,John,Greaves,241,England,EN,2193,140014,77,402176,75367,38,39,0,0,transfers,FALSE,FALSE,2017-07-21T13:06:00Z,Bayern Laggerkeusen,1,1004,0,0,0,1,2263227,John Greaves,60873818,up,49,657,1546460,1554534,1489893,NA,1,0,999,5,3,843758,13,5,2017-11-24
843758,John,Greaves,241,England,EN,2193,140014,77,402176,75367,38,39,0,0,transfers,FALSE,FALSE,2017-07-21T13:06:00Z,Bayern Laggerkeusen,1,1004,0,0,0,1,2263227,John Greaves,66313223,up,49,706,2266452,2280112,1450220,NA,0,0,998,5,3,843758,14,5,2017-11-28
843758,John,Greaves,241,England,EN,2193,140014,77,402176,75367,38,39,0,0,transfers,FALSE,FALSE,2017-07-21T13:06:00Z,Bayern Laggerkeusen,1,1004,0,0,0,1,2263227,John Greaves,71752628,down,43,749,2910911,2916480,1499615,NA,2,0,998,11,7,843758,15,5,2017-12-02
843758,John,Greaves,241,England,EN,2193,140014,77,402176,75367,38,39,0,0,transfers,FALSE,FALSE,2017-07-21T13:06:00Z,Bayern Laggerkeusen,1,1004,0,0,0,1,2263227,John Greaves,77257568,up,52,801,1547726,1553819,1358199,NA,1,0,997,13,12,843758,16,5,2017-12-09
843758,John,Greaves,241,England,EN,2193,140014,77,402176,75367,38,39,0,0,transfers,FALSE,FALSE,2017-07-21T13:06:00Z,Bayern Laggerkeusen,1,1004,0,0,0,1,2263227,John Greaves,82762508,up,57,858,1203291,1207407,1161361,NA,1,0,998,8,9,843758,17,5,2017-12-12
843758,John,Greaves,241,England,EN,2193,140014,77,402176,75367,38,39,0,0,transfers,FALSE,FALSE,2017-07-21T13:06:00Z,Bayern Laggerkeusen,1,1004,0,0,0,1,2263227,John Greaves,88267448,up,60,918,1562088,1571611,1063054,NA,0,0,997,11,9,843758,18,5,2017-12-16
843758,John,Greaves,241,England,EN,2193,140014,77,402176,75367,38,39,0,0,transfers,FALSE,FALSE,2017-07-21T13:06:00Z,Bayern Laggerkeusen,1,1004,0,0,0,1,2263227,John Greaves,93837923,up,77,995,1046899,1051583,878999,NA,2,0,998,9,0,843758,19,5,2017-12-22
843758,John,Greaves,241,England,EN,2193,140014,77,402176,75367,38,39,0,0,transfers,FALSE,FALSE,2017-07-21T13:06:00Z,Bayern Laggerkeusen,1,1004,0,0,0,1,2263227,John Greaves,99408398,up,75,1070,1495177,1500643,814549,NA,1,0,998,1,4,843758,20,4,2017-12-26
843758,John,Greaves,241,England,EN,2193,140014,77,402176,75367,38,39,0,0,transfers,FALSE,FALSE,2017-07-21T13:06:00Z,Bayern Laggerkeusen,1,1004,0,0,0,1,2263227,John Greaves,105044408,up,53,1123,1667837,1675888,783015,NA,0,0,1004,4,3,843758,21,4,2017-12-30
843758,John,Greaves,241,England,EN,2193,140014,77,402176,75367,38,39,0,0,transfers,FALSE,FALSE,2017-07-21T13:06:00Z,Bayern Laggerkeusen,1,1004,0,0,0,1,2263227,John Greaves,110680418,up,70,1189,184884,185934,572382,NA,2,4,1002,2,7,843758,22,4,2018-01-01
843758,John,Greaves,241,England,EN,2193,140014,77,402176,75367,38,39,0,0,transfers,FALSE,FALSE,2017-07-21T13:06:00Z,Bayern Laggerkeusen,1,1004,0,0,0,1,2263227,John Greaves,116316428,up,68,1257,1447277,1457057,554368,NA,0,0,1007,7,7,843758,23,4,2018-01-13
843758,John,Greaves,241,England,EN,2193,140014,77,402176,75367,38,39,0,0,transfers,FALSE,FALSE,2017-07-21T13:06:00Z,Bayern Laggerkeusen,1,1004,0,0,0,1,2263227,John Greaves,122017973,down,48,1305,3153090,3158771,611143,NA,2,0,1007,13,11,843758,24,4,2018-01-20
843758,John,Greaves,241,England,EN,2193,140014,77,402176,75367,38,39,0,0,transfers,FALSE,FALSE,2017-07-21T13:06:00Z,Bayern Laggerkeusen,1,1004,0,0,0,1,2263227,John Greaves,127719518,up,56,1361,1333971,1344898,577175,NA,0,0,1010,19,11,843758,25,4,2018-01-30
843758,John,Greaves,241,England,EN,2193,140014,77,402176,75367,38,39,0,0,transfers,FALSE,FALSE,2017-07-21T13:06:00Z,Bayern Laggerkeusen,1,1004,0,0,0,1,2263227,John Greaves,133486598,up,60,1421,662381,664783,470945,NA,2,0,1010,3,6,843758,26,4,2018-02-03
843758,John,Greaves,241,England,EN,2193,140014,77,402176,75367,38,39,0,0,transfers,FALSE,FALSE,2017-07-21T13:06:00Z,Bayern Laggerkeusen,1,1004,0,0,0,1,2263227,John Greaves,139253678,down,64,1485,2575447,2582831,580744,NA,0,0,1013,9,6,843758,27,4,2018-02-10
843758,John,Greaves,241,England,EN,2193,140014,77,402176,75367,38,39,0,0,transfers,FALSE,FALSE,2017-07-21T13:06:00Z,Bayern Laggerkeusen,1,1004,0,0,0,1,2263227,John Greaves,145086293,down,45,1530,3968090,3972585,654940,NA,2,0,1010,10,18,843758,28,4,2018-02-24
843758,John,Greaves,241,England,EN,2193,140014,77,402176,75367,38,39,0,0,transfers,FALSE,FALSE,2017-07-21T13:06:00Z,Bayern Laggerkeusen,1,1004,0,0,0,1,2263227,John Greaves,150918908,up,57,1587,864232,870488,599374,NA,1,0,1008,9,7,843758,29,4,2018-03-03
843758,John,Greaves,241,England,EN,2193,140014,77,402176,75367,38,39,0,0,transfers,FALSE,FALSE,2017-07-21T13:06:00Z,Bayern Laggerkeusen,1,1004,0,0,0,1,2263227,John Greaves,156751523,up,50,1637,1187363,1197280,518532,NA,0,0,1010,11,7,843758,30,4,2018-03-10
843758,John,Greaves,241,England,EN,2193,140014,77,402176,75367,38,39,0,0,transfers,FALSE,FALSE,2017-07-21T13:06:00Z,Bayern Laggerkeusen,1,1004,0,0,0,1,2263227,John Greaves,162584138,up,106,1743,136780,140944,334973,NA,0,0,1012,12,7,843758,31,4,2018-03-17
843758,John,Greaves,241,England,EN,2193,140014,77,402176,75367,38,39,0,0,transfers,FALSE,FALSE,2017-07-21T13:06:00Z,Bayern Laggerkeusen,1,1004,0,0,0,1,2263227,John Greaves,168482288,up,58,1797,1156125,1161267,333705,NA,2,4,1012,14,0,843758,32,4,2018-03-31
843758,John,Greaves,241,England,EN,2193,140014,77,402176,75367,38,39,0,0,transfers,FALSE,FALSE,2017-07-21T13:06:00Z,Bayern Laggerkeusen,1,1004,0,0,0,1,2263227,John Greaves,174380438,up,40,1837,1344942,1357302,301844,NA,0,0,1012,15,0,843758,33,4,2018-04-07
843758,John,Greaves,241,England,EN,2193,140014,77,402176,75367,38,39,0,0,transfers,FALSE,FALSE,2017-07-21T13:06:00Z,Bayern Laggerkeusen,1,1004,0,0,0,1,2263227,John Greaves,180278588,up,92,1929,238669,240216,235583,NA,1,0,1009,14,2,843758,34,4,2018-04-14
843758,John,Greaves,241,England,EN,2193,140014,77,402176,75367,38,39,0,0,transfers,FALSE,FALSE,2017-07-21T13:06:00Z,Bayern Laggerkeusen,1,1004,0,0,0,1,2263227,John Greaves,186176738,up,52,1977,434657,436357,207959,NA,3,4,1008,1,6,843758,35,4,2018-04-21
843758,John,Greaves,241,England,EN,2193,140014,77,402176,75367,38,39,0,0,transfers,FALSE,FALSE,2017-07-21T13:06:00Z,Bayern Laggerkeusen,1,1004,0,0,0,1,2263227,John Greaves,192074888,down,35,2012,4610393,4625124,261321,NA,0,0,1011,14,6,843758,36,4,2018-04-28
843758,John,Greaves,241,England,EN,2193,140014,77,402176,75367,38,39,0,0,transfers,FALSE,FALSE,2017-07-21T13:06:00Z,Bayern Laggerkeusen,1,1004,0,0,0,1,2263227,John Greaves,197973038,up,104,2116,120691,121459,165095,NA,0,0,1004,9,3,843758,37,3,2018-05-04
843758,John,Greaves,241,England,EN,2193,140014,77,402176,75367,38,39,0,0,transfers,FALSE,FALSE,2017-07-21T13:06:00Z,Bayern Laggerkeusen,1,1004,0,0,0,1,2263227,John Greaves,203936723,up,77,2193,402176,404888,140014,NA,1,0,1005,3,1,843758,38,3,2018-05-13
373089,James,Westwood,241,England,EN,2047,822390,58,1821505,83020,38,56,0,0,transfers,FALSE,FALSE,2017-07-14T10:58:28Z,Westy's Oddballs,2,1015,0,0,0,1,7490626,James Westwood,373089,new,76,76,474883,481761,474883,NA,0,0,1000,5,0,373089,1,1,2017-08-11
373089,James,Westwood,241,England,EN,2047,822390,58,1821505,83020,38,56,0,0,transfers,FALSE,FALSE,2017-07-14T10:58:28Z,Westy's Oddballs,2,1015,0,0,0,1,7490626,James Westwood,4305189,down,29,101,4065122,4065855,1995418,NA,2,4,1003,4,5,373089,2,6,2017-08-19
373089,James,Westwood,241,England,EN,2047,822390,58,1821505,83020,38,56,0,0,transfers,FALSE,FALSE,2017-07-14T10:58:28Z,Westy's Oddballs,2,1015,0,0,0,1,7490626,James Westwood,8827104,down,41,142,2522522,2527383,2059863,NA,0,0,1012,25,3,373089,3,6,2017-08-26
373089,James,Westwood,241,England,EN,2047,822390,58,1821505,83020,38,56,0,0,transfers,FALSE,FALSE,2017-07-14T10:58:28Z,Westy's Oddballs,2,1015,0,0,0,1,7490626,James Westwood,13545624,down,36,174,3770584,3772414,2789864,NA,2,4,1017,24,7,373089,4,6,2017-09-09
373089,James,Westwood,241,England,EN,2047,822390,58,1821505,83020,38,56,0,0,transfers,FALSE,FALSE,2017-07-14T10:58:28Z,Westy's Oddballs,2,1015,0,0,0,1,7490626,James Westwood,18460749,up,61,231,2174933,2177525,2712848,NA,2,4,1019,5,4,373089,5,6,2017-09-15
373089,James,Westwood,241,England,EN,2047,822390,58,1821505,83020,38,56,0,0,transfers,FALSE,FALSE,2017-07-14T10:58:28Z,Westy's Oddballs,2,1015,0,0,0,1,7490626,James Westwood,23506944,up,68,299,1495076,1499201,2370461,NA,0,0,1021,3,4,373089,6,6,2017-09-23
373089,James,Westwood,241,England,EN,2047,822390,58,1821505,83020,38,56,0,0,transfers,FALSE,FALSE,2017-07-14T10:58:28Z,Westy's Oddballs,2,1015,0,0,0,1,7490626,James Westwood,28618674,down,48,347,3016124,3018214,2487700,NA,2,0,1021,2,4,373089,7,7,2017-09-30
373089,James,Westwood,241,England,EN,2047,822390,58,1821505,83020,38,56,0,0,transfers,FALSE,FALSE,2017-07-14T10:58:28Z,Westy's Oddballs,2,1015,0,0,0,1,7490626,James Westwood,33795939,up,61,408,331541,332788,1701992,NA,1,0,1022,5,2,373089,8,6,2017-10-14
373089,James,Westwood,241,England,EN,2047,822390,58,1821505,83020,38,56,0,0,transfers,FALSE,FALSE,2017-07-14T10:58:28Z,Westy's Oddballs,2,1015,0,0,0,1,7490626,James Westwood,39038739,down,39,447,3948214,3951781,2147267,NA,0,0,1025,12,2,373089,9,6,2017-10-20
373089,James,Westwood,241,England,EN,2047,822390,58,1821505,83020,38,56,0,0,transfers,FALSE,FALSE,2017-07-14T10:58:28Z,Westy's Oddballs,2,1015,0,0,0,1,7490626,James Westwood,44347074,up,50,497,1916094,1919212,1962953,NA,2,0,1022,8,4,373089,10,6,2017-10-28
373089,James,Westwood,241,England,EN,2047,822390,58,1821505,83020,38,56,0,0,transfers,FALSE,FALSE,2017-07-14T10:58:28Z,Westy's Oddballs,2,1015,0,0,0,1,7490626,James Westwood,49655409,up,52,549,1279225,1283299,1698155,NA,0,0,1021,4,4,373089,11,6,2017-11-04
373089,James,Westwood,241,England,EN,2047,822390,58,1821505,83020,38,56,0,0,transfers,FALSE,FALSE,2017-07-14T10:58:28Z,Westy's Oddballs,2,1015,0,0,0,1,7490626,James Westwood,55029279,up,72,621,781714,783868,1253735,NA,1,0,1020,1,15,373089,12,5,2017-11-18
373089,James,Westwood,241,England,EN,2047,822390,58,1821505,83020,38,56,0,0,transfers,FALSE,FALSE,2017-07-14T10:58:28Z,Westy's Oddballs,2,1015,0,0,0,1,7490626,James Westwood,60403149,down,27,648,5149980,5150212,1735579,NA,2,0,1022,4,1,373089,13,6,2017-11-24
373089,James,Westwood,241,England,EN,2047,822390,58,1821505,83020,38,56,0,0,transfers,FALSE,FALSE,2017-07-14T10:58:28Z,Westy's Oddballs,2,1015,0,0,0,1,7490626,James Westwood,65842554,down,36,684,4536719,4538728,2043354,NA,1,0,1021,1,0,373089,14,7,2017-11-28
373089,James,Westwood,241,England,EN,2047,822390,58,1821505,83020,38,56,0,0,transfers,FALSE,FALSE,2017-07-14T10:58:28Z,Westy's Oddballs,2,1015,0,0,0,1,7490626,James Westwood,71281959,up,59,739,698557,699956,1754754,NA,2,4,1017,3,7,373089,15,7,2017-12-02
373089,James,Westwood,241,England,EN,2047,822390,58,1821505,83020,38,56,0,0,transfers,FALSE,FALSE,2017-07-14T10:58:28Z,Westy's Oddballs,2,1015,0,0,0,1,7490626,James Westwood,76786899,down,44,779,2724203,2726412,1882671,NA,2,4,1021,3,11,373089,16,7,2017-12-09
373089,James,Westwood,241,England,EN,2047,822390,58,1821505,83020,38,56,0,0,transfers,FALSE,FALSE,2017-07-14T10:58:28Z,Westy's Oddballs,2,1015,0,0,0,1,7490626,James Westwood,82291839,up,63,842,590881,591810,1516519,NA,1,0,1020,0,11,373089,17,7,2017-12-12
373089,James,Westwood,241,England,EN,2047,822390,58,1821505,83020,38,56,0,0,transfers,FALSE,FALSE,2017-07-14T10:58:28Z,Westy's Oddballs,2,1015,0,0,0,1,7490626,James Westwood,87796779,up,70,908,628219,629640,1261675,NA,2,4,1021,3,0,373089,18,6,2017-12-16
373089,James,Westwood,241,England,EN,2047,822390,58,1821505,83020,38,56,0,0,transfers,FALSE,FALSE,2017-07-14T10:58:28Z,Westy's Oddballs,2,1015,0,0,0,1,7490626,James Westwood,93367254,up,69,977,1782349,1785021,1191078,NA,0,0,1022,9,0,373089,19,7,2017-12-22
373089,James,Westwood,241,England,EN,2047,822390,58,1821505,83020,38,56,0,0,transfers,FALSE,FALSE,2017-07-14T10:58:28Z,Westy's Oddballs,2,1015,0,0,0,1,7490626,James Westwood,98937729,down,53,1022,3871940,3871978,1613409,NA,4,8,1020,3,1,373089,20,7,2017-12-26
373089,James,Westwood,241,England,EN,2047,822390,58,1821505,83020,38,56,0,0,transfers,FALSE,FALSE,2017-07-14T10:58:28Z,Westy's Oddballs,2,1015,0,0,0,1,7490626,James Westwood,104573739,up,68,1086,315693,316827,1332962,NA,2,4,1022,0,2,373089,21,6,2017-12-30
373089,James,Westwood,241,England,EN,2047,822390,58,1821505,83020,38,56,0,0,transfers,FALSE,FALSE,2017-07-14T10:58:28Z,Westy's Oddballs,2,1015,0,0,0,1,7490626,James Westwood,110209749,up,59,1145,764524,768185,1142258,NA,0,0,1016,1,0,373089,22,5,2018-01-01
373089,James,Westwood,241,England,EN,2047,822390,58,1821505,83020,38,56,0,0,transfers,FALSE,FALSE,2017-07-14T10:58:28Z,Westy's Oddballs,2,1015,0,0,0,1,7490626,James Westwood,115845759,up,78,1223,519490,521511,948057,NA,1,0,1021,4,5,373089,23,5,2018-01-13
373089,James,Westwood,241,England,EN,2047,822390,58,1821505,83020,38,56,0,0,transfers,FALSE,FALSE,2017-07-14T10:58:28Z,Westy's Oddballs,2,1015,0,0,0,1,7490626,James Westwood,121547304,down,42,1265,4231339,4233566,1094247,NA,1,0,1024,-2,4,373089,24,5,2018-01-20
373089,James,Westwood,241,England,EN,2047,822390,58,1821505,83020,38,56,0,0,transfers,FALSE,FALSE,2017-07-14T10:58:28Z,Westy's Oddballs,2,1015,0,0,0,1,7490626,James Westwood,127248849,up,60,1321,923560,925815,1038473,NA,2,4,1023,2,1,373089,25,5,2018-01-30
373089,James,Westwood,241,England,EN,2047,822390,58,1821505,83020,38,56,0,0,transfers,FALSE,FALSE,2017-07-14T10:58:28Z,Westy's Oddballs,2,1015,0,0,0,1,7490626,James Westwood,133015929,down,38,1355,3755083,3757305,1211905,NA,2,4,1024,1,5,373089,26,6,2018-02-03
373089,James,Westwood,241,England,EN,2047,822390,58,1821505,83020,38,56,0,0,transfers,FALSE,FALSE,2017-07-14T10:58:28Z,Westy's Oddballs,2,1015,0,0,0,1,7490626,James Westwood,138783009,up,95,1450,314960,316214,941539,NA,1,0,1025,4,0,373089,27,5,2018-02-10
373089,James,Westwood,241,England,EN,2047,822390,58,1821505,83020,38,56,0,0,transfers,FALSE,FALSE,2017-07-14T10:58:28Z,Westy's Oddballs,2,1015,0,0,0,1,7490626,James Westwood,144615624,down,51,1497,2746632,2750300,1002309,NA,2,4,1027,0,2,373089,28,6,2018-02-24
373089,James,Westwood,241,England,EN,2047,822390,58,1821505,83020,38,56,0,0,transfers,FALSE,FALSE,2017-07-14T10:58:28Z,Westy's Oddballs,2,1015,0,0,0,1,7490626,James Westwood,150448239,up,53,1550,1490418,1494554,968915,NA,1,0,1026,2,6,373089,29,6,2018-03-03
373089,James,Westwood,241,England,EN,2047,822390,58,1821505,83020,38,56,0,0,transfers,FALSE,FALSE,2017-07-14T10:58:28Z,Westy's Oddballs,2,1015,0,0,0,1,7490626,James Westwood,156280854,down,39,1589,3147056,3150270,979206,NA,1,0,1026,1,3,373089,30,6,2018-03-10
373089,James,Westwood,241,England,EN,2047,822390,58,1821505,83020,38,56,0,0,transfers,FALSE,FALSE,2017-07-14T10:58:28Z,Westy's Oddballs,2,1015,0,0,0,1,7490626,James Westwood,162113469,up,110,1699,77980,79487,634630,NA,0,0,1025,5,3,373089,31,5,2018-03-17
373089,James,Westwood,241,England,EN,2047,822390,58,1821505,83020,38,56,0,0,transfers,FALSE,FALSE,2017-07-14T10:58:28Z,Westy's Oddballs,2,1015,0,0,0,1,7490626,James Westwood,168011619,down,42,1741,4121232,4122752,716357,NA,1,0,1024,1,3,373089,32,6,2018-03-31
373089,James,Westwood,241,England,EN,2047,822390,58,1821505,83020,38,56,0,0,transfers,FALSE,FALSE,2017-07-14T10:58:28Z,Westy's Oddballs,2,1015,0,0,0,1,7490626,James Westwood,173909769,down,33,1770,2796462,2799147,747061,NA,2,4,1020,0,12,373089,33,6,2018-04-07
373089,James,Westwood,241,England,EN,2047,822390,58,1821505,83020,38,56,0,0,transfers,FALSE,FALSE,2017-07-14T10:58:28Z,Westy's Oddballs,2,1015,0,0,0,1,7490626,James Westwood,179807919,down,77,1835,1212201,1212559,812700,NA,4,12,1011,11,4,373089,34,6,2018-04-14
373089,James,Westwood,241,England,EN,2047,822390,58,1821505,83020,38,56,0,0,transfers,FALSE,FALSE,2017-07-14T10:58:28Z,Westy's Oddballs,2,1015,0,0,0,1,7490626,James Westwood,185706069,down,46,1869,827874,828377,824765,NA,4,12,1012,0,6,373089,35,6,2018-04-21
373089,James,Westwood,241,England,EN,2047,822390,58,1821505,83020,38,56,0,0,transfers,FALSE,FALSE,2017-07-14T10:58:28Z,Westy's Oddballs,2,1015,0,0,0,1,7490626,James Westwood,191604219,down,39,1904,4055523,4056590,919297,NA,2,4,1013,0,5,373089,36,6,2018-04-28
373089,James,Westwood,241,England,EN,2047,822390,58,1821505,83020,38,56,0,0,transfers,FALSE,FALSE,2017-07-14T10:58:28Z,Westy's Oddballs,2,1015,0,0,0,1,7490626,James Westwood,197502369,up,93,1989,376494,377201,802159,NA,3,8,1014,0,5,373089,37,6,2018-05-04
373089,James,Westwood,241,England,EN,2047,822390,58,1821505,83020,38,56,0,0,transfers,FALSE,FALSE,2017-07-14T10:58:28Z,Westy's Oddballs,2,1015,0,0,0,1,7490626,James Westwood,203466054,down,58,2047,1821505,1823440,822390,NA,1,0,1017,2,2,373089,38,6,2018-05-13
2268116,Jon,Vague,241,England,EN,2134,327218,77,386340,85584,38,23,0,0,transfers,FALSE,TRUE,2017-08-07T10:15:44Z,Herrera Rocher,0,1023,0,0,1,1,17029681,Jon Vague,2268116,new,75,75,531950,569782,531950,NA,0,0,1000,9,10,2268116,1,2,2017-08-11
2268116,Jon,Vague,241,England,EN,2134,327218,77,386340,85584,38,23,0,0,transfers,FALSE,TRUE,2017-08-07T10:15:44Z,Herrera Rocher,0,1023,0,0,1,1,17029681,Jon Vague,6200216,down,46,121,1908088,1934602,727355,NA,0,0,1001,8,10,2268116,2,1,2017-08-19
2268116,Jon,Vague,241,England,EN,2134,327218,77,386340,85584,38,23,0,0,transfers,FALSE,TRUE,2017-08-07T10:15:44Z,Herrera Rocher,0,1023,0,0,1,1,17029681,Jon Vague,10722131,up,65,186,187279,192199,172820,NA,0,0,1001,2,10,2268116,3,1,2017-08-26
2268116,Jon,Vague,241,England,EN,2134,327218,77,386340,85584,38,23,0,0,transfers,FALSE,TRUE,2017-08-07T10:15:44Z,Herrera Rocher,0,1023,0,0,1,1,17029681,Jon Vague,15440651,up,45,231,2412240,2423878,157588,NA,2,0,1002,5,1,2268116,4,1,2017-09-09
2268116,Jon,Vague,241,England,EN,2134,327218,77,386340,85584,38,23,0,0,transfers,FALSE,TRUE,2017-08-07T10:15:44Z,Herrera Rocher,0,1023,0,0,1,1,17029681,Jon Vague,20355776,down,63,294,1794741,1822873,220521,NA,0,0,1002,10,1,2268116,5,1,2017-09-15
2268116,Jon,Vague,241,England,EN,2134,327218,77,386340,85584,38,23,0,0,transfers,FALSE,TRUE,2017-08-07T10:15:44Z,Herrera Rocher,0,1023,0,0,1,1,17029681,Jon Vague,25401971,down,52,346,3790675,3802571,495039,NA,1,0,1004,7,1,2268116,6,1,2017-09-23
2268116,Jon,Vague,241,England,EN,2134,327218,77,386340,85584,38,23,0,0,transfers,FALSE,TRUE,2017-08-07T10:15:44Z,Herrera Rocher,0,1023,0,0,1,1,17029681,Jon Vague,30513701,down,49,395,2748105,2777744,641845,NA,0,0,1005,10,1,2268116,7,3,2017-09-30
2268116,Jon,Vague,241,England,EN,2134,327218,77,386340,85584,38,23,0,0,transfers,FALSE,TRUE,2017-08-07T10:15:44Z,Herrera Rocher,0,1023,0,0,1,1,17029681,Jon Vague,35690966,down,41,436,2473385,2509242,734578,NA,0,0,1004,4,21,2268116,8,2,2017-10-14
2268116,Jon,Vague,241,England,EN,2134,327218,77,386340,85584,38,23,0,0,transfers,FALSE,TRUE,2017-08-07T10:15:44Z,Herrera Rocher,0,1023,0,0,1,1,17029681,Jon Vague,40933766,up,54,490,1923307,1951314,718952,NA,0,0,1007,8,21,2268116,9,3,2017-10-20
2268116,Jon,Vague,241,England,EN,2134,327218,77,386340,85584,38,23,0,0,transfers,FALSE,TRUE,2017-08-07T10:15:44Z,Herrera Rocher,0,1023,0,0,1,1,17029681,Jon Vague,46242101,up,50,540,1916094,1931883,642961,NA,2,0,1007,2,3,2268116,10,3,2017-10-28
2268116,Jon,Vague,241,England,EN,2134,327218,77,386340,85584,38,23,0,0,transfers,FALSE,TRUE,2017-08-07T10:15:44Z,Herrera Rocher,0,1023,0,0,1,1,17029681,Jon Vague,51550436,down,44,584,2554160,2592571,687584,NA,0,0,1008,4,3,2268116,11,3,2017-11-04
2268116,Jon,Vague,241,England,EN,2134,327218,77,386340,85584,38,23,0,0,transfers,FALSE,TRUE,2017-08-07T10:15:44Z,Herrera Rocher,0,1023,0,0,1,1,17029681,Jon Vague,56924306,down,41,625,4568097,4574389,1136181,NA,1,0,1008,2,0,2268116,12,4,2017-11-18
2268116,Jon,Vague,241,England,EN,2134,327218,77,386340,85584,38,23,0,0,transfers,FALSE,TRUE,2017-08-07T10:15:44Z,Herrera Rocher,0,1023,0,0,1,1,17029681,Jon Vague,62298176,down,34,659,4297771,4333740,1420996,NA,0,0,1007,3,0,2268116,13,4,2017-11-24
2268116,Jon,Vague,241,England,EN,2134,327218,77,386340,85584,38,23,0,0,transfers,FALSE,TRUE,2017-08-07T10:15:44Z,Herrera Rocher,0,1023,0,0,1,1,17029681,Jon Vague,67737581,up,67,726,353215,356072,955068,NA,2,0,1006,8,3,2268116,14,4,2017-11-28
2268116,Jon,Vague,241,England,EN,2134,327218,77,386340,85584,38,23,0,0,transfers,FALSE,TRUE,2017-08-07T10:15:44Z,Herrera Rocher,0,1023,0,0,1,1,17029681,Jon Vague,73176986,up,60,786,612140,619421,685219,NA,1,0,1006,8,10,2268116,15,4,2017-12-02
2268116,Jon,Vague,241,England,EN,2134,327218,77,386340,85584,38,23,0,0,transfers,FALSE,TRUE,2017-08-07T10:15:44Z,Herrera Rocher,0,1023,0,0,1,1,17029681,Jon Vague,78681926,up,60,846,623107,640430,510447,NA,0,0,1007,14,10,2268116,16,4,2017-12-09
2268116,Jon,Vague,241,England,EN,2134,327218,77,386340,85584,38,23,0,0,transfers,FALSE,TRUE,2017-08-07T10:15:44Z,Herrera Rocher,0,1023,0,0,1,1,17029681,Jon Vague,84186866,up,49,895,2496062,2512619,506444,NA,1,0,1009,13,8,2268116,17,4,2017-12-12
2268116,Jon,Vague,241,England,EN,2134,327218,77,386340,85584,38,23,0,0,transfers,FALSE,TRUE,2017-08-07T10:15:44Z,Herrera Rocher,0,1023,0,0,1,1,17029681,Jon Vague,89691806,down,41,936,4235730,4265745,738729,NA,0,0,1012,3,8,2268116,18,4,2017-12-16
2268116,Jon,Vague,241,England,EN,2134,327218,77,386340,85584,38,23,0,0,transfers,FALSE,TRUE,2017-08-07T10:15:44Z,Herrera Rocher,0,1023,0,0,1,1,17029681,Jon Vague,95262281,up,68,1004,1951714,1962167,731935,NA,1,0,1011,2,2,2268116,19,4,2017-12-22
2268116,Jon,Vague,241,England,EN,2134,327218,77,386340,85584,38,23,0,0,transfers,FALSE,TRUE,2017-08-07T10:15:44Z,Herrera Rocher,0,1023,0,0,1,1,17029681,Jon Vague,100832756,down,62,1066,2814158,2841072,863992,NA,0,0,1014,-1,2,2268116,20,5,2017-12-26
2268116,Jon,Vague,241,England,EN,2134,327218,77,386340,85584,38,23,0,0,transfers,FALSE,TRUE,2017-08-07T10:15:44Z,Herrera Rocher,0,1023,0,0,1,1,17029681,Jon Vague,106468766,up,54,1120,1542722,1564138,815931,NA,0,0,1013,2,2,2268116,21,5,2017-12-30
2268116,Jon,Vague,241,England,EN,2134,327218,77,386340,85584,38,23,0,0,transfers,FALSE,TRUE,2017-08-07T10:15:44Z,Herrera Rocher,0,1023,0,0,1,1,17029681,Jon Vague,112104776,down,18,1138,5575784,5579928,1239457,NA,0,0,1008,6,2,2268116,22,6,2018-01-01
2268116,Jon,Vague,241,England,EN,2134,327218,77,386340,85584,38,23,0,0,transfers,FALSE,TRUE,2017-08-07T10:15:44Z,Herrera Rocher,0,1023,0,0,1,1,17029681,Jon Vague,117740786,up,64,1202,2069669,2082277,1230976,NA,1,0,1010,11,1,2268116,23,6,2018-01-13
2268116,Jon,Vague,241,England,EN,2134,327218,77,386340,85584,38,23,0,0,transfers,FALSE,TRUE,2017-08-07T10:15:44Z,Herrera Rocher,0,1023,0,0,1,1,17029681,Jon Vague,123442331,down,52,1254,2404853,2417630,1239268,NA,2,0,1009,6,1,2268116,24,6,2018-01-20
2268116,Jon,Vague,241,England,EN,2134,327218,77,386340,85584,38,23,0,0,transfers,FALSE,TRUE,2017-08-07T10:15:44Z,Herrera Rocher,0,1023,0,0,1,1,17029681,Jon Vague,129143876,down,45,1299,3204878,3245120,1330090,NA,0,0,1009,12,1,2268116,25,6,2018-01-30
2268116,Jon,Vague,241,England,EN,2134,327218,77,386340,85584,38,23,0,0,transfers,FALSE,TRUE,2017-08-07T10:15:44Z,Herrera Rocher,0,1023,0,0,1,1,17029681,Jon Vague,134910956,up,69,1368,180431,182098,1034442,NA,2,0,1011,5,0,2268116,26,5,2018-02-03
2268116,Jon,Vague,241,England,EN,2134,327218,77,386340,85584,38,23,0,0,transfers,FALSE,TRUE,2017-08-07T10:15:44Z,Herrera Rocher,0,1023,0,0,1,1,17029681,Jon Vague,140678036,up,76,1444,1446241,1463611,1003785,NA,0,0,1013,3,0,2268116,27,6,2018-02-10
2268116,Jon,Vague,241,England,EN,2134,327218,77,386340,85584,38,23,0,0,transfers,FALSE,TRUE,2017-08-07T10:15:44Z,Herrera Rocher,0,1023,0,0,1,1,17029681,Jon Vague,146510651,up,58,1502,1196778,1230816,938229,NA,0,0,1017,12,0,2268116,28,5,2018-02-24
2268116,Jon,Vague,241,England,EN,2134,327218,77,386340,85584,38,23,0,0,transfers,FALSE,TRUE,2017-08-07T10:15:44Z,Herrera Rocher,0,1023,0,0,1,1,17029681,Jon Vague,152343266,up,60,1562,494321,512744,833840,NA,0,0,1020,6,0,2268116,29,5,2018-03-03
2268116,Jon,Vague,241,England,EN,2134,327218,77,386340,85584,38,23,0,0,transfers,FALSE,TRUE,2017-08-07T10:15:44Z,Herrera Rocher,0,1023,0,0,1,1,17029681,Jon Vague,158175881,up,45,1607,2043250,2052960,783885,NA,2,0,1022,1,12,2268116,30,5,2018-03-10
2268116,Jon,Vague,241,England,EN,2134,327218,77,386340,85584,38,23,0,0,transfers,FALSE,TRUE,2017-08-07T10:15:44Z,Herrera Rocher,0,1023,0,0,1,1,17029681,Jon Vague,164008496,up,88,1695,626678,634749,661711,NA,0,0,1024,6,12,2268116,31,6,2018-03-17
2268116,Jon,Vague,241,England,EN,2134,327218,77,386340,85584,38,23,0,0,transfers,FALSE,TRUE,2017-08-07T10:15:44Z,Herrera Rocher,0,1023,0,0,1,1,17029681,Jon Vague,169906646,up,71,1766,172456,176244,521441,NA,1,0,1029,2,25,2268116,32,5,2018-03-31
2268116,Jon,Vague,241,England,EN,2134,327218,77,386340,85584,38,23,0,0,transfers,FALSE,TRUE,2017-08-07T10:15:44Z,Herrera Rocher,0,1023,0,0,1,1,17029681,Jon Vague,175804796,up,37,1803,1959763,1973284,495829,NA,1,0,1026,2,8,2268116,33,5,2018-04-07
2268116,Jon,Vague,241,England,EN,2134,327218,77,386340,85584,38,23,0,0,transfers,FALSE,TRUE,2017-08-07T10:15:44Z,Herrera Rocher,0,1023,0,0,1,1,17029681,Jon Vague,181702946,up,86,1889,472732,477574,427483,NA,1,0,1020,13,47,2268116,34,5,2018-04-14
2268116,Jon,Vague,241,England,EN,2134,327218,77,386340,85584,38,23,0,0,transfers,FALSE,TRUE,2017-08-07T10:15:44Z,Herrera Rocher,0,1023,0,0,1,1,17029681,Jon Vague,187601096,up,46,1935,797980,803268,384028,NA,1,0,1018,0,66,2268116,35,5,2018-04-21
2268116,Jon,Vague,241,England,EN,2134,327218,77,386340,85584,38,23,0,0,transfers,FALSE,TRUE,2017-08-07T10:15:44Z,Herrera Rocher,0,1023,0,0,1,1,17029681,Jon Vague,193499246,down,43,1978,3043371,3102901,414506,NA,0,0,1021,2,0,2268116,36,5,2018-04-28
2268116,Jon,Vague,241,England,EN,2134,327218,77,386340,85584,38,23,0,0,transfers,FALSE,TRUE,2017-08-07T10:15:44Z,Herrera Rocher,0,1023,0,0,1,1,17029681,Jon Vague,199397396,up,79,2057,1254670,1258696,382787,NA,1,0,1022,0,0,2268116,37,5,2018-05-04
2268116,Jon,Vague,241,England,EN,2134,327218,77,386340,85584,38,23,0,0,transfers,FALSE,TRUE,2017-08-07T10:15:44Z,Herrera Rocher,0,1023,0,0,1,1,17029681,Jon Vague,205361081,up,77,2134,386340,393331,327218,NA,0,0,1023,0,0,2268116,38,5,2018-05-13
656073,Nicholas,Taylor,241,England,EN,1928,1781234,75,465982,81425,38,41,0,0,transfers,FALSE,FALSE,2017-07-18T11:25:03Z,Champions Elect,7,1005,0,0,1,1,16490301,Nicholas Taylor,656073,new,37,37,3554003,3559621,3554003,NA,0,0,1000,5,0,656073,1,9,2017-08-11
656073,Nicholas,Taylor,241,England,EN,1928,1781234,75,465982,81425,38,41,0,0,transfers,FALSE,FALSE,2017-07-18T11:25:03Z,Champions Elect,7,1005,0,0,1,1,16490301,Nicholas Taylor,4588173,down,38,71,3130773,3133695,3561320,NA,2,4,1002,0,0,656073,2,9,2017-08-19
656073,Nicholas,Taylor,241,England,EN,1928,1781234,75,465982,81425,38,41,0,0,transfers,FALSE,FALSE,2017-07-18T11:25:03Z,Champions Elect,7,1005,0,0,1,1,16490301,Nicholas Taylor,9110088,up,42,113,2353620,2362385,3445524,NA,0,0,1003,9,0,656073,3,9,2017-08-26
656073,Nicholas,Taylor,241,England,EN,1928,1781234,75,465982,81425,38,41,0,0,transfers,FALSE,FALSE,2017-07-18T11:25:03Z,Champions Elect,7,1005,0,0,1,1,16490301,Nicholas Taylor,13828608,up,48,161,1817033,1826284,3322855,NA,0,0,1005,0,0,656073,4,8,2017-09-09
656073,Nicholas,Taylor,241,England,EN,1928,1781234,75,465982,81425,38,41,0,0,transfers,FALSE,FALSE,2017-07-18T11:25:03Z,Champions Elect,7,1005,0,0,1,1,16490301,Nicholas Taylor,18743733,down,45,206,4209952,4212088,3647996,NA,2,0,1003,2,13,656073,5,9,2017-09-15
656073,Nicholas,Taylor,241,England,EN,1928,1781234,75,465982,81425,38,41,0,0,transfers,FALSE,FALSE,2017-07-18T11:25:03Z,Champions Elect,7,1005,0,0,1,1,16490301,Nicholas Taylor,23789928,up,79,281,474147,476995,3085661,NA,2,4,1004,5,0,656073,6,8,2017-09-23
656073,Nicholas,Taylor,241,England,EN,1928,1781234,75,465982,81425,38,41,0,0,transfers,FALSE,FALSE,2017-07-18T11:25:03Z,Champions Elect,7,1005,0,0,1,1,16490301,Nicholas Taylor,28901658,up,70,351,438019,440670,2327043,NA,1,0,1010,9,0,656073,7,6,2017-09-30
656073,Nicholas,Taylor,241,England,EN,1928,1781234,75,465982,81425,38,41,0,0,transfers,FALSE,FALSE,2017-07-18T11:25:03Z,Champions Elect,7,1005,0,0,1,1,16490301,Nicholas Taylor,34078923,down,42,389,2431275,2435901,2419077,NA,2,4,1011,0,0,656073,8,7,2017-10-14
656073,Nicholas,Taylor,241,England,EN,1928,1781234,75,465982,81425,38,41,0,0,transfers,FALSE,FALSE,2017-07-18T11:25:03Z,Champions Elect,7,1005,0,0,1,1,16490301,Nicholas Taylor,39321723,down,55,436,1914008,1915198,2528829,NA,3,8,1012,1,7,656073,9,7,2017-10-20
656073,Nicholas,Taylor,241,England,EN,1928,1781234,75,465982,81425,38,41,0,0,transfers,FALSE,FALSE,2017-07-18T11:25:03Z,Champions Elect,7,1005,0,0,1,1,16490301,Nicholas Taylor,44630058,down,40,472,3790321,3795315,2783106,NA,2,4,1013,0,9,656073,10,7,2017-10-28
656073,Nicholas,Taylor,241,England,EN,1928,1781234,75,465982,81425,38,41,0,0,transfers,FALSE,FALSE,2017-07-18T11:25:03Z,Champions Elect,7,1005,0,0,1,1,16490301,Nicholas Taylor,49938393,up,48,516,1996134,2000635,2754062,NA,2,4,1014,8,4,656073,11,8,2017-11-04
656073,Nicholas,Taylor,241,England,EN,1928,1781234,75,465982,81425,38,41,0,0,transfers,FALSE,FALSE,2017-07-18T11:25:03Z,Champions Elect,7,1005,0,0,1,1,16490301,Nicholas Taylor,55312263,up,61,577,1944340,1949022,2539783,NA,1,0,1019,3,6,656073,12,8,2017-11-18
656073,Nicholas,Taylor,241,England,EN,1928,1781234,75,465982,81425,38,41,0,0,transfers,FALSE,FALSE,2017-07-18T11:25:03Z,Champions Elect,7,1005,0,0,1,1,16490301,Nicholas Taylor,60686133,up,45,622,2307329,2313810,2469049,NA,1,0,1020,1,11,656073,13,8,2017-11-24
656073,Nicholas,Taylor,241,England,EN,1928,1781234,75,465982,81425,38,41,0,0,transfers,FALSE,FALSE,2017-07-18T11:25:03Z,Champions Elect,7,1005,0,0,1,1,16490301,Nicholas Taylor,66125538,up,61,683,753178,755815,2074267,NA,1,0,1019,0,5,656073,14,8,2017-11-28
656073,Nicholas,Taylor,241,England,EN,1928,1781234,75,465982,81425,38,41,0,0,transfers,FALSE,FALSE,2017-07-18T11:25:03Z,Champions Elect,7,1005,0,0,1,1,16490301,Nicholas Taylor,71564943,down,36,719,4135166,4139020,2284581,NA,1,0,1024,3,0,656073,15,8,2017-12-02
656073,Nicholas,Taylor,241,England,EN,1928,1781234,75,465982,81425,38,41,0,0,transfers,FALSE,FALSE,2017-07-18T11:25:03Z,Champions Elect,7,1005,0,0,1,1,16490301,Nicholas Taylor,77069883,up,64,779,387506,390283,1884507,NA,2,4,1022,4,0,656073,16,8,2017-12-09
656073,Nicholas,Taylor,241,England,EN,1928,1781234,75,465982,81425,38,41,0,0,transfers,FALSE,FALSE,2017-07-18T11:25:03Z,Champions Elect,7,1005,0,0,1,1,16490301,Nicholas Taylor,82574823,up,48,827,2563620,2573577,1874613,NA,0,0,1024,6,0,656073,17,8,2017-12-12
656073,Nicholas,Taylor,241,England,EN,1928,1781234,75,465982,81425,38,41,0,0,transfers,FALSE,FALSE,2017-07-18T11:25:03Z,Champions Elect,7,1005,0,0,1,1,16490301,Nicholas Taylor,88079763,up,67,894,855776,859540,1559382,NA,1,0,1023,6,0,656073,18,7,2017-12-16
656073,Nicholas,Taylor,241,England,EN,1928,1781234,75,465982,81425,38,41,0,0,transfers,FALSE,FALSE,2017-07-18T11:25:03Z,Champions Elect,7,1005,0,0,1,1,16490301,Nicholas Taylor,93650238,up,86,980,400477,403307,1137578,NA,2,0,1023,1,7,656073,19,6,2017-12-22
656073,Nicholas,Taylor,241,England,EN,1928,1781234,75,465982,81425,38,41,0,0,transfers,FALSE,FALSE,2017-07-18T11:25:03Z,Champions Elect,7,1005,0,0,1,1,16490301,Nicholas Taylor,99220713,down,62,1042,2814158,2820912,1256195,NA,0,0,1026,6,7,656073,20,6,2017-12-26
656073,Nicholas,Taylor,241,England,EN,1928,1781234,75,465982,81425,38,41,0,0,transfers,FALSE,FALSE,2017-07-18T11:25:03Z,Champions Elect,7,1005,0,0,1,1,16490301,Nicholas Taylor,104856723,down,30,1072,4714518,4715705,1565260,NA,1,0,1026,0,6,656073,21,7,2017-12-30
656073,Nicholas,Taylor,241,England,EN,1928,1781234,75,465982,81425,38,41,0,0,transfers,FALSE,FALSE,2017-07-18T11:25:03Z,Champions Elect,7,1005,0,0,1,1,16490301,Nicholas Taylor,110492733,down,34,1106,4528562,4537607,1769118,NA,0,0,1024,0,6,656073,22,7,2018-01-01
656073,Nicholas,Taylor,241,England,EN,1928,1781234,75,465982,81425,38,41,0,0,transfers,FALSE,FALSE,2017-07-18T11:25:03Z,Champions Elect,7,1005,0,0,1,1,16490301,Nicholas Taylor,116128743,down,55,1157,3411844,3412492,1934295,NA,3,4,1023,0,1,656073,23,7,2018-01-13
656073,Nicholas,Taylor,241,England,EN,1928,1781234,75,465982,81425,38,41,0,0,transfers,FALSE,FALSE,2017-07-18T11:25:03Z,Champions Elect,7,1005,0,0,1,1,16490301,Nicholas Taylor,121830288,down,51,1208,2439269,2449063,1941540,NA,0,0,1018,2,0,656073,24,7,2018-01-20
656073,Nicholas,Taylor,241,England,EN,1928,1781234,75,465982,81425,38,41,0,0,transfers,FALSE,FALSE,2017-07-18T11:25:03Z,Champions Elect,7,1005,0,0,1,1,16490301,Nicholas Taylor,127531833,up,52,1260,1960903,1970665,1910526,NA,0,0,1018,0,0,656073,25,7,2018-01-30
656073,Nicholas,Taylor,241,England,EN,1928,1781234,75,465982,81425,38,41,0,0,transfers,FALSE,FALSE,2017-07-18T11:25:03Z,Champions Elect,7,1005,0,0,1,1,16490301,Nicholas Taylor,133298913,down,39,1299,3574397,3578766,1998894,NA,1,0,1017,0,14,656073,26,7,2018-02-03
656073,Nicholas,Taylor,241,England,EN,1928,1781234,75,465982,81425,38,41,0,0,transfers,FALSE,FALSE,2017-07-18T11:25:03Z,Champions Elect,7,1005,0,0,1,1,16490301,Nicholas Taylor,139065993,down,63,1362,2754937,2757126,2051879,NA,2,0,1016,0,11,656073,27,8,2018-02-10
656073,Nicholas,Taylor,241,England,EN,1928,1781234,75,465982,81425,38,41,0,0,transfers,FALSE,FALSE,2017-07-18T11:25:03Z,Champions Elect,7,1005,0,0,1,1,16490301,Nicholas Taylor,144898608,down,44,1406,4118433,4122163,2131556,NA,1,0,1014,0,6,656073,28,8,2018-02-24
656073,Nicholas,Taylor,241,England,EN,1928,1781234,75,465982,81425,38,41,0,0,transfers,FALSE,FALSE,2017-07-18T11:25:03Z,Champions Elect,7,1005,0,0,1,1,16490301,Nicholas Taylor,150731223,down,48,1446,2616042,2617209,2220301,NA,3,8,1014,0,9,656073,29,8,2018-03-03
656073,Nicholas,Taylor,241,England,EN,1928,1781234,75,465982,81425,38,41,0,0,transfers,FALSE,FALSE,2017-07-18T11:25:03Z,Champions Elect,7,1005,0,0,1,1,16490301,Nicholas Taylor,156563838,up,49,1495,1409793,1413420,2111396,NA,1,0,1017,2,3,656073,30,8,2018-03-10
656073,Nicholas,Taylor,241,England,EN,1928,1781234,75,465982,81425,38,41,0,0,transfers,FALSE,FALSE,2017-07-18T11:25:03Z,Champions Elect,7,1005,0,0,1,1,16490301,Nicholas Taylor,162396453,up,66,1557,2118955,2120366,2033353,NA,2,4,1016,0,2,656073,31,7,2018-03-17
656073,Nicholas,Taylor,241,England,EN,1928,1781234,75,465982,81425,38,41,0,0,transfers,FALSE,FALSE,2017-07-18T11:25:03Z,Champions Elect,7,1005,0,0,1,1,16490301,Nicholas Taylor,168294603,up,55,1612,1479839,1488762,1967882,NA,0,0,1022,2,2,656073,32,7,2018-03-31
656073,Nicholas,Taylor,241,England,EN,1928,1781234,75,465982,81425,38,41,0,0,transfers,FALSE,FALSE,2017-07-18T11:25:03Z,Champions Elect,7,1005,0,0,1,1,16490301,Nicholas Taylor,174192753,down,26,1638,4131876,4145235,2020205,NA,0,0,1023,2,2,656073,33,7,2018-04-07
656073,Nicholas,Taylor,241,England,EN,1928,1781234,75,465982,81425,38,41,0,0,transfers,FALSE,FALSE,2017-07-18T11:25:03Z,Champions Elect,7,1005,0,0,1,1,16490301,Nicholas Taylor,180090903,up,70,1708,2099480,2102253,1993463,NA,2,0,1017,4,7,656073,34,7,2018-04-14
656073,Nicholas,Taylor,241,England,EN,1928,1781234,75,465982,81425,38,41,0,0,transfers,FALSE,FALSE,2017-07-18T11:25:03Z,Champions Elect,7,1005,0,0,1,1,16490301,Nicholas Taylor,185989053,down,28,1736,3085593,3096500,2021697,NA,0,0,1014,0,7,656073,35,8,2018-04-21
656073,Nicholas,Taylor,241,England,EN,1928,1781234,75,465982,81425,38,41,0,0,transfers,FALSE,FALSE,2017-07-18T11:25:03Z,Champions Elect,7,1005,0,0,1,1,16490301,Nicholas Taylor,191887203,down,31,1767,5179034,5186421,2138032,NA,0,0,1016,10,7,656073,36,8,2018-04-28
656073,Nicholas,Taylor,241,England,EN,1928,1781234,75,465982,81425,38,41,0,0,transfers,FALSE,FALSE,2017-07-18T11:25:03Z,Champions Elect,7,1005,0,0,1,1,16490301,Nicholas Taylor,197785353,up,86,1853,659087,662316,1962617,NA,0,0,1013,8,7,656073,37,7,2018-05-04
656073,Nicholas,Taylor,241,England,EN,1928,1781234,75,465982,81425,38,41,0,0,transfers,FALSE,FALSE,2017-07-18T11:25:03Z,Champions Elect,7,1005,0,0,1,1,16490301,Nicholas Taylor,203749038,up,75,1928,465982,468525,1781234,NA,0,0,1012,3,7,656073,38,7,2018-05-13
1878698,Tim,Leveridge,241,England,EN,1868,2278706,36,4427405,10646,38,42,0,0,transfers,FALSE,FALSE,2017-08-04T07:04:42Z,Moyes2Men FC,22,1014,0,0,1,1,13409703,Tim Leveridge,1878698,new,67,67,1124656,1168247,1124656,NA,0,0,1000,2,0,1878698,1,6,2017-08-11
1878698,Tim,Leveridge,241,England,EN,1868,2278706,36,4427405,10646,38,42,0,0,transfers,FALSE,FALSE,2017-08-04T07:04:42Z,Moyes2Men FC,22,1014,0,0,1,1,13409703,Tim Leveridge,5810798,down,43,110,2323652,2346478,1351308,NA,0,0,1002,2,0,1878698,2,3,2017-08-19
1878698,Tim,Leveridge,241,England,EN,1868,2278706,36,4427405,10646,38,42,0,0,transfers,FALSE,FALSE,2017-08-04T07:04:42Z,Moyes2Men FC,22,1014,0,0,1,1,13409703,Tim Leveridge,10332713,down,40,146,2848518,2852478,1845797,NA,3,4,1003,3,18,1878698,3,4,2017-08-26
1878698,Tim,Leveridge,241,England,EN,1868,2278706,36,4427405,10646,38,42,0,0,transfers,FALSE,FALSE,2017-08-04T07:04:42Z,Moyes2Men FC,22,1014,0,0,1,1,13409703,Tim Leveridge,15051233,down,31,177,4258862,4275186,2628862,NA,0,0,1005,4,18,1878698,4,5,2017-09-09
1878698,Tim,Leveridge,241,England,EN,1868,2278706,36,4427405,10646,38,42,0,0,transfers,FALSE,FALSE,2017-08-04T07:04:42Z,Moyes2Men FC,22,1014,0,0,1,1,13409703,Tim Leveridge,19966358,up,58,235,2486650,2511932,2513429,NA,0,0,1006,6,1,1878698,5,5,2017-09-15
1878698,Tim,Leveridge,241,England,EN,1868,2278706,36,4427405,10646,38,42,0,0,transfers,FALSE,FALSE,2017-08-04T07:04:42Z,Moyes2Men FC,22,1014,0,0,1,1,13409703,Tim Leveridge,25012553,up,86,317,161721,164540,1565200,NA,2,4,1010,0,6,1878698,6,4,2017-09-23
1878698,Tim,Leveridge,241,England,EN,1868,2278706,36,4427405,10646,38,42,0,0,transfers,FALSE,FALSE,2017-08-04T07:04:42Z,Moyes2Men FC,22,1014,0,0,1,1,13409703,Tim Leveridge,30124283,down,45,362,3346332,3369016,1865126,NA,0,0,1015,0,6,1878698,7,5,2017-09-30
1878698,Tim,Leveridge,241,England,EN,1868,2278706,36,4427405,10646,38,42,0,0,transfers,FALSE,FALSE,2017-08-04T07:04:42Z,Moyes2Men FC,22,1014,0,0,1,1,13409703,Tim Leveridge,35301548,up,47,409,1615622,1626523,1656002,NA,2,0,1019,1,16,1878698,8,5,2017-10-14
1878698,Tim,Leveridge,241,England,EN,1868,2278706,36,4427405,10646,38,42,0,0,transfers,FALSE,FALSE,2017-08-04T07:04:42Z,Moyes2Men FC,22,1014,0,0,1,1,13409703,Tim Leveridge,40544348,up,60,469,1324492,1334433,1368542,NA,1,0,1021,1,7,1878698,9,5,2017-10-20
1878698,Tim,Leveridge,241,England,EN,1868,2278706,36,4427405,10646,38,42,0,0,transfers,FALSE,FALSE,2017-08-04T07:04:42Z,Moyes2Men FC,22,1014,0,0,1,1,13409703,Tim Leveridge,45852683,down,44,509,3054017,3068933,1552708,NA,2,4,1018,0,1,1878698,10,5,2017-10-28
1878698,Tim,Leveridge,241,England,EN,1868,2278706,36,4427405,10646,38,42,0,0,transfers,FALSE,FALSE,2017-08-04T07:04:42Z,Moyes2Men FC,22,1014,0,0,1,1,13409703,Tim Leveridge,51161018,up,46,555,2305465,2321861,1505639,NA,1,0,1021,1,0,1878698,11,5,2017-11-04
1878698,Tim,Leveridge,241,England,EN,1868,2278706,36,4427405,10646,38,42,0,0,transfers,FALSE,FALSE,2017-08-04T07:04:42Z,Moyes2Men FC,22,1014,0,0,1,1,13409703,Tim Leveridge,56534888,up,57,612,2488551,2501107,1504103,NA,1,0,1024,0,2,1878698,12,6,2017-11-18
1878698,Tim,Leveridge,241,England,EN,1868,2278706,36,4427405,10646,38,42,0,0,transfers,FALSE,FALSE,2017-08-04T07:04:42Z,Moyes2Men FC,22,1014,0,0,1,1,13409703,Tim Leveridge,61908758,down,33,645,4556428,4563393,1817970,NA,1,0,1026,3,4,1878698,13,7,2017-11-24
1878698,Tim,Leveridge,241,England,EN,1868,2278706,36,4427405,10646,38,42,0,0,transfers,FALSE,FALSE,2017-08-04T07:04:42Z,Moyes2Men FC,22,1014,0,0,1,1,13409703,Tim Leveridge,67348163,down,42,687,3517890,3551707,1958107,NA,0,0,1029,0,4,1878698,14,6,2017-11-28
1878698,Tim,Leveridge,241,England,EN,1868,2278706,36,4427405,10646,38,42,0,0,transfers,FALSE,FALSE,2017-08-04T07:04:42Z,Moyes2Men FC,22,1014,0,0,1,1,13409703,Tim Leveridge,72787568,up,56,743,964322,971286,1648957,NA,2,0,1027,1,11,1878698,15,6,2017-12-02
1878698,Tim,Leveridge,241,England,EN,1868,2278706,36,4427405,10646,38,42,0,0,transfers,FALSE,FALSE,2017-08-04T07:04:42Z,Moyes2Men FC,22,1014,0,0,1,1,13409703,Tim Leveridge,78292508,up,50,789,1848507,1859749,1636931,NA,2,4,1027,2,0,1878698,16,6,2017-12-09
1878698,Tim,Leveridge,241,England,EN,1868,2278706,36,4427405,10646,38,42,0,0,transfers,FALSE,FALSE,2017-08-04T07:04:42Z,Moyes2Men FC,22,1014,0,0,1,1,13409703,Tim Leveridge,83797448,up,55,844,1479518,1489655,1468661,NA,1,0,1029,0,27,1878698,17,6,2017-12-12
1878698,Tim,Leveridge,241,England,EN,1868,2278706,36,4427405,10646,38,42,0,0,transfers,FALSE,FALSE,2017-08-04T07:04:42Z,Moyes2Men FC,22,1014,0,0,1,1,13409703,Tim Leveridge,89302388,down,38,882,4566853,4587502,1823920,NA,0,0,1031,3,27,1878698,18,8,2017-12-16
1878698,Tim,Leveridge,241,England,EN,1868,2278706,36,4427405,10646,38,42,0,0,transfers,FALSE,FALSE,2017-08-04T07:04:42Z,Moyes2Men FC,22,1014,0,0,1,1,13409703,Tim Leveridge,94872863,up,69,947,1879360,1882182,1783534,NA,3,4,1031,6,3,1878698,19,8,2017-12-22
1878698,Tim,Leveridge,241,England,EN,1868,2278706,36,4427405,10646,38,42,0,0,transfers,FALSE,FALSE,2017-08-04T07:04:42Z,Moyes2Men FC,22,1014,0,0,1,1,13409703,Tim Leveridge,100443338,down,55,1002,3645680,3651590,1985767,NA,1,0,1033,7,0,1878698,20,8,2017-12-26
1878698,Tim,Leveridge,241,England,EN,1868,2278706,36,4427405,10646,38,42,0,0,transfers,FALSE,FALSE,2017-08-04T07:04:42Z,Moyes2Men FC,22,1014,0,0,1,1,13409703,Tim Leveridge,106079348,down,38,1032,3817342,3819112,2257179,NA,3,8,1033,3,1,1878698,21,8,2017-12-30
1878698,Tim,Leveridge,241,England,EN,1868,2278706,36,4427405,10646,38,42,0,0,transfers,FALSE,FALSE,2017-08-04T07:04:42Z,Moyes2Men FC,22,1014,0,0,1,1,13409703,Tim Leveridge,111715358,up,51,1083,1731777,1763438,2158474,NA,0,0,1033,2,1,1878698,22,8,2018-01-01
1878698,Tim,Leveridge,241,England,EN,1868,2278706,36,4427405,10646,38,42,0,0,transfers,FALSE,FALSE,2017-08-04T07:04:42Z,Moyes2Men FC,22,1014,0,0,1,1,13409703,Tim Leveridge,117351368,up,67,1150,1575091,1598344,2044136,NA,0,0,1029,0,0,1878698,23,8,2018-01-13
1878698,Tim,Leveridge,241,England,EN,1868,2278706,36,4427405,10646,38,42,0,0,transfers,FALSE,FALSE,2017-08-04T07:04:42Z,Moyes2Men FC,22,1014,0,0,1,1,13409703,Tim Leveridge,123052913,up,57,1207,1598339,1608780,1955985,NA,1,0,1032,7,0,1878698,24,8,2018-01-20
1878698,Tim,Leveridge,241,England,EN,1868,2278706,36,4427405,10646,38,42,0,0,transfers,FALSE,FALSE,2017-08-04T07:04:42Z,Moyes2Men FC,22,1014,0,0,1,1,13409703,Tim Leveridge,128754458,down,40,1243,4161264,4166475,2161849,NA,2,4,1034,0,0,1878698,25,8,2018-01-30
1878698,Tim,Leveridge,241,England,EN,1868,2278706,36,4427405,10646,38,42,0,0,transfers,FALSE,FALSE,2017-08-04T07:04:42Z,Moyes2Men FC,22,1014,0,0,1,1,13409703,Tim Leveridge,134521538,down,42,1281,3106987,3117337,2253131,NA,2,4,1033,0,0,1878698,26,8,2018-02-03
1878698,Tim,Leveridge,241,England,EN,1868,2278706,36,4427405,10646,38,42,0,0,transfers,FALSE,FALSE,2017-08-04T07:04:42Z,Moyes2Men FC,22,1014,0,0,1,1,13409703,Tim Leveridge,140288618,up,89,1370,562180,571470,1948755,NA,0,0,1033,0,0,1878698,27,7,2018-02-10
1878698,Tim,Leveridge,241,England,EN,1868,2278706,36,4427405,10646,38,42,0,0,transfers,FALSE,FALSE,2017-08-04T07:04:42Z,Moyes2Men FC,22,1014,0,0,1,1,13409703,Tim Leveridge,146121233,up,55,1421,1916138,1920645,1943782,NA,3,4,1034,0,7,1878698,28,7,2018-02-24
1878698,Tim,Leveridge,241,England,EN,1868,2278706,36,4427405,10646,38,42,0,0,transfers,FALSE,FALSE,2017-08-04T07:04:42Z,Moyes2Men FC,22,1014,0,0,1,1,13409703,Tim Leveridge,151953848,down,42,1463,3739091,3781672,2015418,NA,0,0,1035,0,7,1878698,29,7,2018-03-03
1878698,Tim,Leveridge,241,England,EN,1868,2278706,36,4427405,10646,38,42,0,0,transfers,FALSE,FALSE,2017-08-04T07:04:42Z,Moyes2Men FC,22,1014,0,0,1,1,13409703,Tim Leveridge,157786463,down,34,1497,4157840,4165927,2086645,NA,2,0,1035,0,1,1878698,30,7,2018-03-10
1878698,Tim,Leveridge,241,England,EN,1868,2278706,36,4427405,10646,38,42,0,0,transfers,FALSE,FALSE,2017-08-04T07:04:42Z,Moyes2Men FC,22,1014,0,0,1,1,13409703,Tim Leveridge,163619078,down,53,1550,2669869,2671062,2103061,NA,1,0,1034,0,34,1878698,31,8,2018-03-17
1878698,Tim,Leveridge,241,England,EN,1868,2278706,36,4427405,10646,38,42,0,0,transfers,FALSE,FALSE,2017-08-04T07:04:42Z,Moyes2Men FC,22,1014,0,0,1,1,13409703,Tim Leveridge,169517228,down,56,1594,1475440,1476297,2143453,NA,4,12,1033,1,4,1878698,32,8,2018-03-31
1878698,Tim,Leveridge,241,England,EN,1868,2278706,36,4427405,10646,38,42,0,0,transfers,FALSE,FALSE,2017-08-04T07:04:42Z,Moyes2Men FC,22,1014,0,0,1,1,13409703,Tim Leveridge,175415378,up,34,1628,2560456,2573136,2118110,NA,1,0,1033,0,3,1878698,33,8,2018-04-07
1878698,Tim,Leveridge,241,England,EN,1868,2278706,36,4427405,10646,38,42,0,0,transfers,FALSE,FALSE,2017-08-04T07:04:42Z,Moyes2Men FC,22,1014,0,0,1,1,13409703,Tim Leveridge,181313528,up,73,1701,1661537,1668269,2059150,NA,1,0,1032,2,22,1878698,34,8,2018-04-14
1878698,Tim,Leveridge,241,England,EN,1868,2278706,36,4427405,10646,38,42,0,0,transfers,FALSE,FALSE,2017-08-04T07:04:42Z,Moyes2Men FC,22,1014,0,0,1,1,13409703,Tim Leveridge,187211678,up,44,1745,920124,934546,1940200,NA,0,0,1034,0,22,1878698,35,7,2018-04-21
1878698,Tim,Leveridge,241,England,EN,1868,2278706,36,4427405,10646,38,42,0,0,transfers,FALSE,FALSE,2017-08-04T07:04:42Z,Moyes2Men FC,22,1014,0,0,1,1,13409703,Tim Leveridge,193109828,down,41,1786,3462044,3509885,1969443,NA,0,0,1037,1,22,1878698,36,7,2018-04-28
1878698,Tim,Leveridge,241,England,EN,1868,2278706,36,4427405,10646,38,42,0,0,transfers,FALSE,FALSE,2017-08-04T07:04:42Z,Moyes2Men FC,22,1014,0,0,1,1,13409703,Tim Leveridge,199007978,down,46,1832,5386199,5402177,2147735,NA,0,0,1037,0,22,1878698,37,8,2018-05-04
1878698,Tim,Leveridge,241,England,EN,1868,2278706,36,4427405,10646,38,42,0,0,transfers,FALSE,FALSE,2017-08-04T07:04:42Z,Moyes2Men FC,22,1014,0,0,1,1,13409703,Tim Leveridge,204971663,down,36,1868,4427405,4450197,2278706,NA,0,0,1036,0,22,1878698,38,8,2018-05-13
3605945,Richard,King,241,England,EN,1649,3929578,16,5774848,74366,38,3,0,0,transfers,FALSE,FALSE,2017-08-11T13:22:42Z,Klopps and Robbers,3,1002,0,0,1,1,27052636,Richard King,3605945,new,41,41,3347211,3400195,3347211,NA,0,0,1000,1,0,3605945,1,8,2017-08-11
3605945,Richard,King,241,England,EN,1649,3929578,16,5774848,74366,38,3,0,0,transfers,FALSE,FALSE,2017-08-11T13:22:42Z,Klopps and Robbers,3,1002,0,0,1,1,27052636,Richard King,7538045,up,43,84,2394569,2439133,3004239,NA,1,0,1000,0,19,3605945,2,8,2017-08-19
3605945,Richard,King,241,England,EN,1649,3929578,16,5774848,74366,38,3,0,0,transfers,FALSE,FALSE,2017-08-11T13:22:42Z,Klopps and Robbers,3,1002,0,0,1,1,27052636,Richard King,12059960,up,60,144,399019,412223,1942860,NA,1,0,999,2,23,3605945,3,5,2017-08-26
3605945,Richard,King,241,England,EN,1649,3929578,16,5774848,74366,38,3,0,0,transfers,FALSE,FALSE,2017-08-11T13:22:42Z,Klopps and Robbers,3,1002,0,0,1,1,27052636,Richard King,16778480,down,26,170,4664273,4673656,2966617,NA,1,0,1000,2,31,3605945,4,7,2017-09-09
3605945,Richard,King,241,England,EN,1649,3929578,16,5774848,74366,38,3,0,0,transfers,FALSE,FALSE,2017-08-11T13:22:42Z,Klopps and Robbers,3,1002,0,0,1,1,27052636,Richard King,21693605,up,61,231,2065869,2117412,2694155,NA,0,0,998,2,31,3605945,5,7,2017-09-15
3605945,Richard,King,241,England,EN,1649,3929578,16,5774848,74366,38,3,0,0,transfers,FALSE,FALSE,2017-08-11T13:22:42Z,Klopps and Robbers,3,1002,0,0,1,1,27052636,Richard King,26739800,up,64,295,2046971,2094748,2523588,NA,0,0,1002,0,3,3605945,6,7,2017-09-23
3605945,Richard,King,241,England,EN,1649,3929578,16,5774848,74366,38,3,0,0,transfers,FALSE,FALSE,2017-08-11T13:22:42Z,Klopps and Robbers,3,1002,0,0,1,1,27052636,Richard King,31851530,down,29,324,4948671,4962097,3268987,NA,0,0,1003,0,3,3605945,7,8,2017-09-30
3605945,Richard,King,241,England,EN,1649,3929578,16,5774848,74366,38,3,0,0,transfers,FALSE,FALSE,2017-08-11T13:22:42Z,Klopps and Robbers,3,1002,0,0,1,1,27052636,Richard King,37028795,down,32,356,4075879,4135085,3446565,NA,0,0,1000,1,3,3605945,8,9,2017-10-14
3605945,Richard,King,241,England,EN,1649,3929578,16,5774848,74366,38,3,0,0,transfers,FALSE,FALSE,2017-08-11T13:22:42Z,Klopps and Robbers,3,1002,0,0,1,1,27052636,Richard King,42271595,down,42,398,3539131,3593978,3563661,NA,0,0,1001,0,3,3605945,9,9,2017-10-20
3605945,Richard,King,241,England,EN,1649,3929578,16,5774848,74366,38,3,0,0,transfers,FALSE,FALSE,2017-08-11T13:22:42Z,Klopps and Robbers,3,1002,0,0,1,1,27052636,Richard King,47579930,down,43,441,3103599,3169556,3571337,NA,0,0,1000,0,3,3605945,10,9,2017-10-28
3605945,Richard,King,241,England,EN,1649,3929578,16,5774848,74366,38,3,0,0,transfers,FALSE,FALSE,2017-08-11T13:22:42Z,Klopps and Robbers,3,1002,0,0,1,1,27052636,Richard King,52888265,up,42,483,2917763,2986370,3567767,NA,0,0,1000,0,3,3605945,11,9,2017-11-04
3605945,Richard,King,241,England,EN,1649,3929578,16,5774848,74366,38,3,0,0,transfers,FALSE,FALSE,2017-08-11T13:22:42Z,Klopps and Robbers,3,1002,0,0,1,1,27052636,Richard King,58262135,down,46,529,3926538,3979631,3661815,NA,0,0,998,0,3,3605945,12,9,2017-11-18
3605945,Richard,King,241,England,EN,1649,3929578,16,5774848,74366,38,3,0,0,transfers,FALSE,FALSE,2017-08-11T13:22:42Z,Klopps and Robbers,3,1002,0,0,1,1,27052636,Richard King,63636005,down,34,563,4297771,4361505,3758299,NA,0,0,997,0,3,3605945,13,9,2017-11-24
3605945,Richard,King,241,England,EN,1649,3929578,16,5774848,74366,38,3,0,0,transfers,FALSE,FALSE,2017-08-11T13:22:42Z,Klopps and Robbers,3,1002,0,0,1,1,27052636,Richard King,69075410,down,37,600,4317044,4372761,3893730,NA,0,0,996,0,3,3605945,14,9,2017-11-28
3605945,Richard,King,241,England,EN,1649,3929578,16,5774848,74366,38,3,0,0,transfers,FALSE,FALSE,2017-08-11T13:22:42Z,Klopps and Robbers,3,1002,0,0,1,1,27052636,Richard King,74514815,up,58,658,716036,742314,3639439,NA,0,0,992,0,3,3605945,15,9,2017-12-02
3605945,Richard,King,241,England,EN,1649,3929578,16,5774848,74366,38,3,0,0,transfers,FALSE,FALSE,2017-08-11T13:22:42Z,Klopps and Robbers,3,1002,0,0,1,1,27052636,Richard King,80019755,down,34,692,4048883,4100517,3734030,NA,0,0,989,0,3,3605945,16,9,2017-12-09
3605945,Richard,King,241,England,EN,1649,3929578,16,5774848,74366,38,3,0,0,transfers,FALSE,FALSE,2017-08-11T13:22:42Z,Klopps and Robbers,3,1002,0,0,1,1,27052636,Richard King,85524695,up,58,750,1001366,1044111,3540774,NA,0,0,989,0,3,3605945,17,9,2017-12-12
3605945,Richard,King,241,England,EN,1649,3929578,16,5774848,74366,38,3,0,0,transfers,FALSE,FALSE,2017-08-11T13:22:42Z,Klopps and Robbers,3,1002,0,0,1,1,27052636,Richard King,91029635,down,42,792,4113691,4168505,3634354,NA,0,0,994,0,3,3605945,18,9,2017-12-16
3605945,Richard,King,241,England,EN,1649,3929578,16,5774848,74366,38,3,0,0,transfers,FALSE,FALSE,2017-08-11T13:22:42Z,Klopps and Robbers,3,1002,0,0,1,1,27052636,Richard King,96600110,up,64,856,2338362,2377624,3499229,NA,0,0,991,0,3,3605945,19,9,2017-12-22
3605945,Richard,King,241,England,EN,1649,3929578,16,5774848,74366,38,3,0,0,transfers,FALSE,FALSE,2017-08-11T13:22:42Z,Klopps and Robbers,3,1002,0,0,1,1,27052636,Richard King,102170585,down,55,911,3564706,3610899,3523989,NA,0,0,993,0,3,3605945,20,9,2017-12-26
3605945,Richard,King,241,England,EN,1649,3929578,16,5774848,74366,38,3,0,0,transfers,FALSE,FALSE,2017-08-11T13:22:42Z,Klopps and Robbers,3,1002,0,0,1,1,27052636,Richard King,107806595,down,29,940,4730136,4778742,3652436,NA,0,0,996,0,3,3605945,21,9,2017-12-30
3605945,Richard,King,241,England,EN,1649,3929578,16,5774848,74366,38,3,0,0,transfers,FALSE,FALSE,2017-08-11T13:22:42Z,Klopps and Robbers,3,1002,0,0,1,1,27052636,Richard King,113442605,down,34,974,4528562,4593867,3757207,NA,0,0,994,0,3,3605945,22,9,2018-01-01
3605945,Richard,King,241,England,EN,1649,3929578,16,5774848,74366,38,3,0,0,transfers,FALSE,FALSE,2017-08-11T13:22:42Z,Klopps and Robbers,3,1002,0,0,1,1,27052636,Richard King,119078615,up,57,1031,2996405,3050549,3705663,NA,0,0,996,0,3,3605945,23,9,2018-01-13
3605945,Richard,King,241,England,EN,1649,3929578,16,5774848,74366,38,3,0,0,transfers,FALSE,FALSE,2017-08-11T13:22:42Z,Klopps and Robbers,3,1002,0,0,1,1,27052636,Richard King,124780160,down,45,1076,3571439,3643426,3728876,NA,0,0,997,0,3,3605945,24,9,2018-01-20
3605945,Richard,King,241,England,EN,1649,3929578,16,5774848,74366,38,3,0,0,transfers,FALSE,FALSE,2017-08-11T13:22:42Z,Klopps and Robbers,3,1002,0,0,1,1,27052636,Richard King,130481705,up,48,1124,2670661,2739723,3680016,NA,0,0,1000,0,3,3605945,25,9,2018-01-30
3605945,Richard,King,241,England,EN,1649,3929578,16,5774848,74366,38,3,0,0,transfers,FALSE,FALSE,2017-08-11T13:22:42Z,Klopps and Robbers,3,1002,0,0,1,1,27052636,Richard King,136248785,up,46,1170,2329968,2388238,3614155,NA,0,0,999,0,3,3605945,26,9,2018-02-03
3605945,Richard,King,241,England,EN,1649,3929578,16,5774848,74366,38,3,0,0,transfers,FALSE,FALSE,2017-08-11T13:22:42Z,Klopps and Robbers,3,1002,0,0,1,1,27052636,Richard King,142015865,up,58,1228,3158900,3195419,3551318,NA,0,0,999,0,3,3605945,27,9,2018-02-10
3605945,Richard,King,241,England,EN,1649,3929578,16,5774848,74366,38,3,0,0,transfers,FALSE,FALSE,2017-08-11T13:22:42Z,Klopps and Robbers,3,1002,0,0,1,1,27052636,Richard King,147848480,up,76,1304,41102,44796,3275949,NA,0,0,1001,0,3,3605945,28,9,2018-02-24
3605945,Richard,King,241,England,EN,1649,3929578,16,5774848,74366,38,3,0,0,transfers,FALSE,FALSE,2017-08-11T13:22:42Z,Klopps and Robbers,3,1002,0,0,1,1,27052636,Richard King,153681095,up,51,1355,1754495,1834458,3210764,NA,0,0,1003,0,3,3605945,29,9,2018-03-03
3605945,Richard,King,241,England,EN,1649,3929578,16,5774848,74366,38,3,0,0,transfers,FALSE,FALSE,2017-08-11T13:22:42Z,Klopps and Robbers,3,1002,0,0,1,1,27052636,Richard King,159513710,up,45,1400,1899988,1968921,3174403,NA,0,0,1004,0,3,3605945,30,9,2018-03-10
3605945,Richard,King,241,England,EN,1649,3929578,16,5774848,74366,38,3,0,0,transfers,FALSE,FALSE,2017-08-11T13:22:42Z,Klopps and Robbers,3,1002,0,0,1,1,27052636,Richard King,165346325,up,38,1438,3221847,3248921,3136538,NA,0,0,1005,0,3,3605945,31,9,2018-03-17
3605945,Richard,King,241,England,EN,1649,3929578,16,5774848,74366,38,3,0,0,transfers,FALSE,FALSE,2017-08-11T13:22:42Z,Klopps and Robbers,3,1002,0,0,1,1,27052636,Richard King,171244475,up,58,1496,1055078,1100213,3034178,NA,0,0,1009,0,3,3605945,32,9,2018-03-31
3605945,Richard,King,241,England,EN,1649,3929578,16,5774848,74366,38,3,0,0,transfers,FALSE,FALSE,2017-08-11T13:22:42Z,Klopps and Robbers,3,1002,0,0,1,1,27052636,Richard King,177142625,down,15,1511,5678274,5706199,3187830,NA,0,0,1008,0,3,3605945,33,9,2018-04-07
3605945,Richard,King,241,England,EN,1649,3929578,16,5774848,74366,38,3,0,0,transfers,FALSE,FALSE,2017-08-11T13:22:42Z,Klopps and Robbers,3,1002,0,0,1,1,27052636,Richard King,183040775,down,52,1563,4646958,4703316,3263169,NA,0,0,1006,0,3,3605945,34,9,2018-04-14
3605945,Richard,King,241,England,EN,1649,3929578,16,5774848,74366,38,3,0,0,transfers,FALSE,FALSE,2017-08-11T13:22:42Z,Klopps and Robbers,3,1002,0,0,1,1,27052636,Richard King,188938925,down,19,1582,4492836,4562645,3317112,NA,0,0,1006,0,3,3605945,35,9,2018-04-21
3605945,Richard,King,241,England,EN,1649,3929578,16,5774848,74366,38,3,0,0,transfers,FALSE,FALSE,2017-08-11T13:22:42Z,Klopps and Robbers,3,1002,0,0,1,1,27052636,Richard King,194837075,down,25,1607,5668544,5688703,3464045,NA,0,0,1007,0,3,3605945,36,9,2018-04-28
3605945,Richard,King,241,England,EN,1649,3929578,16,5774848,74366,38,3,0,0,transfers,FALSE,FALSE,2017-08-11T13:22:42Z,Klopps and Robbers,3,1002,0,0,1,1,27052636,Richard King,200735225,down,26,1633,5885661,5887169,3762338,NA,0,0,1005,0,3,3605945,37,9,2018-05-04
3605945,Richard,King,241,England,EN,1649,3929578,16,5774848,74366,38,3,0,0,transfers,FALSE,FALSE,2017-08-11T13:22:42Z,Klopps and Robbers,3,1002,0,0,1,1,27052636,Richard King,206698910,down,16,1649,5774848,5787048,3929578,NA,0,0,1005,0,3,3605945,38,9,2018-05-13
